,userName,rating,at,comment
0,gertrudes salgueiro,5,2024-12-09 12:08:41,Aplikasi tik tok aku udah daftar tik tok tapi gak bisa
1,Nur Azizah,3,2024-12-09 11:25:37,kenapa sekarang sering bug?? harus di unistall trs install ulang baru bisa. tolong diperbaiki lagi aplikasi ini ğŸ™ğŸ™ğŸ™
2,Ima Culada,5,2024-12-09 10:27:37,I LOVE TIKTOK
3,Shah Muhammad,5,2024-12-09 00:30:25,For you
4,Nurkholidin Nurkholidin,5,2024-12-08 21:40:59,Tiktok membuat aku lebih positif
5,BS NARUTO,1,2024-12-08 19:51:48,bugg ajjgg kontolll bisa gak di perbaiki bgentt banyak habis pakett aku anjgg tololll
6,Unknown Name,1,2024-12-07 20:06:22,Aplikasi jelekkk nggak bisa dibuka nge blank stuck terus di logo!!!!
7,Sekar Novita,2,2024-12-07 19:24:25,kenapa sekarang vt yang diambil gabisa disave dulu sebelum ke draft
8,Gkj Lvxij,5,2024-12-07 16:05:53,6Ø¨Ù‡Ù†Ø­
9,Esmeralda oqui,3,2024-12-07 12:18:11,Sangat menghibur cuma masala nya edit patah patah nya ngada
10,Jhon Riski,5,2024-12-06 21:32:01,Jangan banyak iklan
11,kolel ahmad,1,2024-12-06 19:42:04,"Aplikasi buatan cina, tempat menghujat agama Islam, udah pantas di blokir dari Indonesia, aplikasi cina yg menghina Indonesia dengan menukarkan rupiah jadi koin yg gak ada harganya, aplikasi cina yg mengambil uang rupiah banyak tapi tidak bayar pajak, udah patut di blokir dari Indonesia, apk live game keluar sendiri"
12,Gibran Alfarizqi,3,2024-12-06 18:09:59,Bgus
13,Lanti Magno,1,2024-12-06 15:58:59,"Aku hanya ngak suka pada instalnya saja, lama."
14,Ikun15 Martins,3,2024-12-06 15:02:49,Agostinha
15,Yasid,5,2024-12-06 13:25:56,"Aplikasi ini berguna bagi saya, saya dapat melihat live orang seperti teman saya, tapi ada kekurangan dikit mohon untuk mengdowlot agak di kurangin dikut MB nya"
16,Epep â€œEpepâ€ Epep,5,2024-12-06 07:28:39,Tiktok emang bgus TPI akun tiktok ku engga ramai yg nonton tiktok gua
17,Syafiuna Muhammad,5,2024-12-06 07:25:51,Bagus sekali
18,Olandina Baptista,5,2024-12-06 06:41:01,Aplikasi nya bgus banget
19,Aida Comel,5,2024-12-06 03:33:18,Cool
20,Nigio Belo,4,2024-12-05 20:19:48,Bagus
21,Diva Juweita99,5,2024-12-05 18:59:59,Bintang' 5lah
22,Cahyono Yono,3,2024-12-05 18:32:52,Tiktok gak bisa di Download.
23,Xasan Cade,5,2024-12-05 14:18:00,xasan cade xasan cade
24,Yanti De jesus ydj,5,2024-12-05 09:26:19,ğŸ˜‚ğŸ˜‚ğŸ˜‚ğŸ˜‚ğŸ˜‚ğŸ˜‚ğŸ˜‚ğŸ¤£
25,Anita Redo,1,2024-12-05 07:56:52,susah
26,Turub termos D333NI,3,2024-12-04 21:57:51,Kenapa saya tida bisa mendownload nya
27,Omar Kholidie,5,2024-12-04 19:15:34,Good
28,Pur Yanto 81,5,2024-12-04 05:04:40,Sangat menyukai tik tok
29,Nadia Citra kirana,1,2024-12-04 05:01:37,"susah dibuka cuma logo ajaa, hrus uninstal tiap hariii"
30,Dee Mauk,1,2024-12-04 00:37:23,buruk paraaah bikin lemot hp
31,Matcho 2K,5,2024-12-03 21:32:20,SAYA GAVA DENGAN TIKTOK INI
32,Timor Leste,5,2024-12-03 20:09:32,Bagus sekali tiktok nya saya suka
33,Ally Simoes,5,2024-12-03 13:13:58,"Aku sangat suka ama aplikasi tiktok,karna aplikasi ini menhibur aku"
34,M Najib,5,2024-12-03 12:29:08,Bagus
35,Rosita Ramos,5,2024-12-02 22:36:46,Sayat bagus sekali
36,Matar Ba,5,2024-12-02 20:20:19,Diarraye
37,Atinhu ximenes Ximenes,5,2024-12-02 18:52:15,Metan ERMERA
38,Zulmero Dorego,5,2024-12-02 07:37:15,TiFa
39,Aida Kasa,5,2024-12-02 05:28:41,Bagus sekali
40,Lisna Lisa,5,2024-12-01 22:10:34,Kenapa tiktok ini saya tidak bisa masuk apa ada yang blokir tiktok ini dari saya dan saya bingung sekali karena setiap saya masuk aqun tiktok ini selalu kembali d aplikasi mohon info nya donk
41,firdauspwus,5,2024-12-01 21:27:20,Good
42,Basit Mumtaz,5,2024-12-01 19:12:40,Bagus sih aku punya banyak akun tiktok
43,Imal Goncalves,5,2024-12-01 17:35:19,Sangat bagus
44,nino gomes,1,2024-12-01 15:50:23,apk ngelag gua masuk kenapa layar gua jadi abu abu padahal apk lain gak apk nya ngebug tolong di balas da di perbaiki sekarang
45,Ishendri Zaidun Zaidun,5,2024-12-01 15:16:55,senang lihat orang senang hatinya
46,Jurilia Aek salsinha,3,2024-12-01 10:17:18,ğŸ™ğŸ’™
47,Anacleto Nascimento,2,2024-12-01 10:06:49,Kenapa saat saya ingin mendaftarkan akun tiktok saya selalu tidak bisa padahal dulu saya bisa mendaftar tapi malah di blokir tanpa keterangan sama sekali dan saya juga tidak bembuat pelangaran kok saya bisa di blokir dan sekarang saya sudah tidak bisa mendaftar lagi akun Saya ini gimana dan mohon maaf saya kasih reting nya gini
48,Akram Mia,5,2024-12-01 03:23:12,ğŸ¥°ğŸ¥°ğŸ¥°ğŸ¥°ğŸ¥°ğŸ¥°
49,Nori Amaral,4,2024-11-30 23:34:39,Aplikasi yang bisa tau keadaan kita gimanağŸ˜Œ
50,He Sa,1,2024-11-30 07:18:28,Tiktok lemot dan cepat main blokir
51,Asmawi Rantawi,5,2024-11-30 02:30:06,Sangat bagus Tapi Bagaimana caranya mengatasi saat kita nonton acara life di tik tok selalu lemot
52,Vieiras De Alrido,3,2024-11-30 01:40:54,"Aplikasi ini sangat membantu untuk pengetahuan dan menambah wawasan saya sangan suka aplikasi ini,ğŸ–¤"
53,Daffa Maulana,1,2024-11-30 01:23:10,Tidak bermanfaat.
54,Kang Cilok,1,2024-11-29 20:27:45,Kenapa jafi jelek apk nya suka keluar sendiri parah
55,zia nafeeza Shaqeena,5,2024-11-29 16:25:01,Top
56,AnggianiBaun AnggiBaun,5,2024-11-29 15:58:25,Pengalaman Yang Saya Dapatkan Dari Tiktok Adalah Saya Bisa Melatih Tarian Saya
57,Romi Maha,1,2024-11-29 14:24:44,Ok
58,Maria Luisa,4,2024-11-29 08:40:43,Iyah
59,Lis Dahlia,5,2024-11-29 07:30:38,Mantap lah
60,Helmi Prasetyo,5,2024-11-29 05:33:12,Bagus banget
61,Ahmad Fery,5,2024-11-29 03:40:51,Bagus
62,Endra Ocho,5,2024-11-27 15:23:18,Aplikasi ini sangat bagusğŸ‘
63,Eniu 77,5,2024-11-27 10:37:01,Ok bagus
64,Natos Santos,3,2024-11-27 10:07:10,ğŸ‘Œ
65,Joana Fraga Freitas,5,2024-11-26 21:48:01,Terbaik
66,Barros Barros,5,2024-11-26 21:13:12,Terbaik sekali
67,Nasiruddin Hridoy,5,2024-11-26 20:21:19,Impianku Allah tolong varil kan aku plz
68,Maemunah Muna,1,2024-11-26 15:48:09,"Kenapa,, tiktok sebsi banget"
69,Maspal,4,2024-11-25 22:29:43,EROR TERUS. TOLONG DI BANTU
70,Wulan Wulan,5,2024-11-25 16:20:11,Vvgpgp di sini adalah seorang yang tidak punya uang untuk para wanita yang tidak bisa di download di bawah ini
71,Simiao Gama,5,2024-11-25 13:42:30,Sangat bagusssğŸ¤©ğŸ¤©ğŸ‘ğŸ‘
72,Juliao Castro,4,2024-11-25 13:38:05,Sangat bagus
73,Barros Barreto Dania,5,2024-11-25 11:51:21,Aplikasi ini juga bermanfat ka kita Untuk belajar konten kreator Dan aku juga suka aplikasi ini
74,nailaalika alika,4,2024-11-25 01:38:57,Bagus
75,Tepizkan Laraqu,5,2024-11-25 00:52:40,ğ˜ğ˜°ğ˜°ğ˜¥
76,Vasco Borges,5,2024-11-24 23:10:33,Aplikasi ini saya suka karena dance nya yang unik
77,Aa Cecep,5,2024-11-24 15:16:10,Sru
78,Malim Diwa,5,2024-11-24 12:13:57,lambat
79,Robinton Da costa,5,2024-11-24 11:44:15,Masih yg terbaik
80,Fatiha Lab,5,2024-11-24 06:59:44,Fatah La L an
81,Loxzy4 JR,5,2024-11-23 23:51:40,Bgus
82,Ahyar Rosidi,5,2024-11-23 19:02:18,Saya suka dengan tiktok ini
83,emmy karina sebayang,5,2024-11-23 14:11:37,"Akun saya tida bisa nyimpen lagu sebagai favorite dan pencarian lagu seperti dibatasi, tp di akun baru bisağŸ¥´ğŸ¥´"
84,Wiliam Da Costa Brito,5,2024-11-23 11:26:53,Saya suka tiktok
85,Francisco Simone Moiana,5,2024-11-22 18:08:44,aroni armando cintyre
86,Nurhikmah Abdul Rasyid,5,2024-11-22 09:58:13,Bagus
87,Ati Cahaya,2,2024-11-22 05:06:37,Kenapa tik tok ini Uda hbis di download tiba2 g bisa di buka
88,Mira Mira,5,2024-11-21 23:20:33,Sangat menghibur dlm kesuntukan setelah aktifas
89,Nuraeny Nurah,5,2024-11-21 21:20:18,Aplikasi sangat bagus tapi sayang suka ngaco kenapa sy dibilang sedikit sedikit pelanggaran gak adil banget
90,Aisya putri Nabilla,5,2024-11-21 20:41:51,Sangat bagus
91,Rosalia Mambaris,5,2024-11-21 19:01:53,ğŸ˜ğŸ˜
92,Supri Yadi,5,2024-11-21 17:16:53,Aplikasi nya bagus ram rendah masih bisa pakai..
93,Abdul Latif,5,2024-11-21 16:08:47,Pokoknya top
94,Beatriz Amargo,5,2024-11-21 13:54:37,I like tik tok because tik tok is so fun and i don't like tik tok lite because we cant use capcut but tik tok can thats why i like tik tok i give tik tok 5 starsâœ¨ğŸ‘‘ğŸ¤—ğŸ’•ğŸ’–ğŸ’â¤ï¸ğŸ’ğŸ‘ŒğŸ»â­â­â­â­â­
95,Eca Marica,5,2024-11-21 13:33:43,Selalu mantap
96,Dalya Lya,5,2024-11-21 11:51:20,Apk ini sangat bagus tapi kadang kadang logo SV videonya itu hilag
97,Iwan Nuloh,5,2024-11-21 09:16:11,Sangat bagus
98,Cucu Sumiyati,5,2024-11-21 01:18:34,Semangat
99,Nasar Nasar,5,2024-11-20 23:26:14,Vithusan
100,Rafa El,1,2024-11-20 16:34:54,Apaaan sih nih Apk selalu lemot dan keluar sendiri ğŸ¤§
101,FIDEL CAIRASA,5,2024-11-20 10:53:41,Expat passang tiktok
102,Incos Ahmad,3,2024-11-20 06:15:55,Bagusss
103,Nyimas Mariana,5,2024-11-20 04:05:05,Bagus
104,Gobang Lover,1,2024-11-19 23:00:28,"Tlg di perbaiki lagi tiktok sulit kebuka sekarang ini, mentok di logo tiktok aja, harus di uninstall lalu download lagi baru bisa"
105,jalli Alan,3,2024-11-18 23:53:56,bagus
106,Waheed Alli jatoi,1,2024-11-18 21:14:31,KATALJ taoi
107,Mulyadi Sawali,5,2024-11-18 18:09:51,apus
108,NAZRIL ZHUlFHI,5,2024-11-18 18:09:26,ğŸ‘
109,Nurlaeaplara,5,2024-11-18 18:09:07,Hooiiiii bosen saya tiap bulan hrus Ngedounlod tiktok mulu saya sudah kasih bintan foll nyebelin tolong di perhatikan pengguna tiktok
110,Serry asih,5,2024-11-18 16:54:46,Bagus bgt dan menghibur ğŸ˜˜ğŸ˜˜
111,arbitzawapa arbit,2,2024-11-18 14:27:45,Arbit zawava
112,Dapur Kita,5,2024-11-18 12:57:16,Keren
113,Levana Costa,5,2024-11-18 09:03:29,APLIKASIH INI SANGAT BAGUS saya udah coba Tapi bagus banget Saya suka dengan tiktok ini Kalo tiktok yang lain saya tidak Sukaa!! TIKTOK INI SANGAT Bagus namun saya boleh live kapan kapan aja makasih ya kalo tiktok lite saya gak suka trus gk ada live nya lagi saya suka dengan tiktok yang ini trimakasihğŸ™ğŸ˜ğŸ˜ğŸ˜
114,Alwan Pirmansah,3,2024-11-18 08:03:38,Bagus
115,Pengguna Google,1,2024-11-17 22:00:50,Bagus banget
116,Yasir Khan,3,2024-11-17 21:51:56,Zanib NOOR .
117,Kedya T3akya,5,2024-11-17 21:41:26,Lansung kasi Bintang lima
118,Zubair Ali,1,2024-11-17 21:31:05,Zubair.ail
119,Joanico Barros,5,2024-11-17 19:27:21,Tiktok aplikasi yang sangat menarik
120,Ikun zita,1,2024-11-17 18:16:18,Tolong kenapa saya tidak bisa menanyakan teman
121,Duki Muhaimin,4,2024-11-17 17:21:01,Smga fyp trus
122,Talya Soares,5,2024-11-16 22:01:12,BAGUS
123,Rangga,5,2024-11-16 19:01:25,Sangat bagus
124,THALIA REGO,5,2024-11-16 10:58:09,Sangatt bagus dan nyaman di pakeğŸ‘ğŸ‘
125,Juje Mario Coa,4,2024-11-16 08:37:55,Tolong bantu follow TikTok saya
126,Ø£ÙˆÙƒØªÙŠÙ†Ø§ Ù…Ù‡Ø±Ø§Ù†ÙŠ,1,2024-11-16 07:46:30,I can't register or create a TikTok account... I've also tried using a VPN. It still doesn't work... What should I do? Should I delete the app or can TikTok help me?
127,Agustin Afidah,2,2024-11-16 05:13:05,Buka aplikaainya lama Bikin hp lemottttttt
128,Shania Sella,5,2024-11-15 21:54:36,Ok
129,Celeste Xavier,5,2024-11-15 15:35:24,feto mesak
130,Kamat Metahn,5,2024-11-15 13:33:17,Kamat Metan
131,MaxStrem Flix,5,2024-11-15 12:25:16,It's good for me because I can chat with friends and also make good videos. Yes of course I enjoy playing this ğŸ˜Š
132,Kazibwe Richards gonko,5,2024-11-15 03:25:15,Slow
133,Yeningsi Kaka,5,2024-11-14 07:46:06,apa ini yang bisa kita menghibur dan
134,Debby Ireni,5,2024-11-14 05:07:00,Terima kasih
135,muhamad alfath,1,2024-11-14 03:34:12,Jelek
136,Azilda Barbosa,5,2024-11-13 17:10:17,Luar biasa
137,tagel puttra pettir,5,2024-11-13 01:26:27,Ok
138,Francisca Alves,2,2024-11-12 19:24:40,ğŸ¥°
139,ferdy Aryanto,5,2024-11-12 16:27:21,"saya sangat suka dengan aplikasi ini, sangat memuaskan kan bagi setiap orang yg menggunakan aplikasi tersebut."
140,Adinda Putri tunggal,2,2024-11-12 11:30:07,"Apinya bikin hp ku lemot dari sinyal sampai apk yg lain,lebih baik apk yg dulu lebih bagus dan selalu ada Kata tindak ada tanggapan"
141,Janda Gemoy,5,2024-11-12 05:25:21,Bagus
142,Ø¹Ø²ÙŠØ²,4,2024-11-12 02:10:42,manaaa fitur live photo untuk androidnyaaaaaa
143,Aldin Vaz de Carvalho Soares,5,2024-11-11 17:32:41,Aplikasi ini memang sangat bagus tapi tolong perbaiki lah sedikit karena kalo aku cari vidio lain malah munculnya cwek gojetÂ²
144,Nika Bella,5,2024-11-11 14:18:26,Sungu saia sangat menukai Tiktok Karena kita bisa menonton dan kita bisa juga bisa menbantu Tiktok kita sendiri.
145,Ade masitoh F,4,2024-11-11 00:59:02,Sangat bagus tiktok ini
146,Mimi Hie,4,2024-11-10 22:36:05,good
147,Joanico Mendonca,5,2024-11-10 20:32:59,OK
148,Jose Soares,1,2024-11-10 14:48:43,Terbaik
149,Marisa Carla A.S. Carvalho,5,2024-11-10 04:14:48,Good
150,Wa Wan,5,2024-11-10 00:11:02,Sangat nyaman
151,eris yusmita,5,2024-11-09 20:39:46,Baguss suka
152,Surya Surya,5,2024-11-09 14:57:32,Bayak teman
153,Kampung Nambo,5,2024-11-09 13:02:16,Ini bagus
154,Syakirah Azzahra,1,2024-11-09 12:12:48,menginstal nya lama.
155,Rhinna Sadiyah,5,2024-11-09 07:24:30,"Sangat menghibur, tpi sayang tdak bisa mendapatkan cuan"
156,Yudy Jemy,5,2024-11-09 01:52:40,Bagus banget
157,Nanda Costa,5,2024-11-08 19:19:07,Siap boss
158,Atino Suares,5,2024-11-08 14:15:35,Bagus
159,M. Reza Kurniawan,1,2024-11-08 14:12:22,Dubling update tiktok
160,AGUIDA DE JESUS,1,2024-11-08 11:09:35,Dayah sukaa tiktok
161,Nouna Nouna,5,2024-11-08 09:42:42,Saya suka sekali dengan Aplikasi ini krna sangat menghiburğŸ’—
162,Muhammad Darlis,5,2024-11-08 09:26:28,Amiin.
163,Jabbar Ch,5,2024-11-08 08:32:14,'Jabbar Ali
164,Made Budiarsa,5,2024-11-08 03:38:10,Sangat membantu
165,Benancio Lopes,2,2024-11-07 21:32:14,Benansyu
166,Eliana Da Concesaun,5,2024-11-07 14:51:47,BagusğŸ‘ğŸ¼ğŸ‘ğŸ¼ğŸ‘ğŸ¼
167,Dian Se,5,2024-11-07 12:38:41,Good
168,Bagus Syahputro,5,2024-11-07 12:29:45,Ok
169,Wayan sinte,5,2024-11-07 11:26:05,Puas pokok nya.klw setiap upload video dibayar bahagia rasanya...
170,Vivit Sofiat,1,2024-11-07 06:12:16,Jelek harus intas terus
171,Sudoro Radiyah,5,2024-11-07 02:01:35,Bagus nemen
172,Julio Vitoriano,5,2024-11-06 20:44:15,Sangat menbantu
173,Pedro DeJesus,5,2024-11-06 18:49:44,B.
174,Kader Jess,5,2024-11-05 23:21:10,TikTok memang bisa menghiburku
175,Mario Hoar,5,2024-11-05 13:56:13,bagus
176,kartika dewi,1,2024-11-05 00:27:28,Tiktok makin kesini makin kesana bikin kesal aplikasinya sekarang
177,Hi Hi,5,2024-11-04 14:17:06,Sangat bagus
178,JeJe Varrella,5,2024-11-04 12:19:22,Good
179,Eming Pereira Ataide,5,2024-11-03 22:55:04,Saya sangat senang dengan aplikasi ini ğŸ¤­ğŸ¤­
180,Agos Hattu,2,2024-11-03 18:50:54,tik tok
181,Bambang Winarto,5,2024-11-03 17:20:22,Tidak punya
182,Ayang Aulia,5,2024-11-03 13:35:49,Bagus dan vidio lucu
183,Marito Alves,5,2024-11-02 22:09:31,Bagus
184,Ogi Martins,1,2024-11-02 14:34:20,Bagus
185,Sebastiao Soares,5,2024-11-02 14:16:48,Kerja tukan las dan mikanik mesin
186,Fernandu Santos,5,2024-11-02 07:33:50,Tidak relawan
187,Samsul Ma'arif,4,2024-11-02 05:43:52,Sangat memuaskan
188,Budi Fadhillah,5,2024-11-01 21:37:07,Bagus aplikasinya
189,Ali 777,5,2024-11-01 21:18:53,What Vario
190,Revan _,5,2024-11-01 15:18:24,Bisa komen fotoğŸ—¿
191,PECINTA FILM,5,2024-11-01 01:33:56,Seru poll
192,Bonifacio Godinho,5,2024-10-31 21:36:47,Sangat bagus
193,Adel Nalle,1,2024-10-31 20:35:20,Tiktok jaringan tidak stabil
194,Abdul Malik,2,2024-10-31 19:00:55,Bagus
195,Taimali Gunilabe,2,2024-10-31 14:43:31,Atai
196,Rini Oktaviany,5,2024-10-31 10:04:22,Good
197,Deni Bae,5,2024-10-31 05:56:37,Good
198,Windy Wulandari,3,2024-10-31 00:31:47,Knapa tiktok gk bisa nonton live
199,Daniel mayhadli Sebayang,5,2024-10-30 19:02:45,Bagus.....bersyukur ada aplikasi medsos seperti ini.....mantapğŸ‘
200,Sabino Soares,5,2024-10-30 18:37:52,Saya telah download aplikasi ini tapi templatenya anggaK muncul tolong perbaikiğŸ™ğŸ™
201,Octavio Goncalves,5,2024-10-29 19:26:05,tavio
202,Daniel Soares,5,2024-10-29 18:19:19,Menghibur ğŸ˜»ğŸŠğŸˆğŸ­
203,Kusbiasih Asih,5,2024-10-29 18:10:02,Sangat bagus dan menarik suka dan sangat membantu.
204,Bahiya Kedy,5,2024-10-29 15:53:43,Bagus banget gilaaak seruuu cuy
205,Celestina Peao da Silva,5,2024-10-29 06:27:36,Bagus
206,Md Miraj,5,2024-10-28 10:50:50,Good
207,Muhammad Azwanto,1,2024-10-27 12:03:08,Emang babi padahal akun baru aku buat tapi tidak bisa mengikuti penguna yang lain bukan hanya aku yang mengalami ini
208,francisco delio,2,2024-10-27 11:52:16,ğ‘ºğ’‚ğ’šğ’‚ ğ’•ğ’Šğ’…ğ’‚ğ’Œ ğ’ƒğ’Šğ’”ğ’‚ğ’‰ ğ’ğ’Šğ’—ğ’† ğ’…ğ’Š ğ’•ğ’Šğ’Œğ’•ğ’ğ’Œ
209,Satur Nino,1,2024-10-27 08:12:35,Lama lpadingnya Njierrr ğŸ™„
210,Letisia Letisia,5,2024-10-27 08:01:35,Letisia soares
211,Dalim Jaya,5,2024-10-26 02:18:30,Mantap
212,Aris Prizaldy,5,2024-10-26 01:26:29,Sukses selalu
213,Nabilla Karawang,5,2024-10-25 21:56:58,bguss
214,Nur Hayate,5,2024-10-25 19:35:23,Good
215,Sanisa Sanisa,5,2024-10-25 18:29:30,Oke
216,Lourenco Raimoniz,5,2024-10-25 14:48:31,Aplikasi nia sanga mengesankan Ga niesal uda donlowod
217,Gonca Imal,5,2024-10-25 09:54:49,sangat baik
218,Fai Sal,5,2024-10-25 09:49:34,Faosal Hosting
219,Jeni Nurjiah,5,2024-10-24 19:25:47,kerennnn
220,Muhammad Reza,1,2024-10-24 18:52:23,"Aplikasi ini sekarang membuat saya tidak nyaman, setiap buka tiktok selalu berhenti di logo saja, lalu hp saya jadi lemot. Padahal ram 6gb internal 128gb space masih kosong banyak. Saya mengira awalnya hp saya rusak, ternyata aplikasi ini yg buat hp saya rusak"
221,Sehlin Rumuar,5,2024-10-24 08:02:54,Bagus
222,Sufaiyn Zab,5,2024-10-23 23:33:30,Sufiyan Shaikh
223,Ahmad Jaelani,5,2024-10-23 20:48:15,Ok
224,Marco soares,5,2024-10-23 18:58:59,"Bermanfaat SEKALI, coba seandainya vidio yg sudah di upload oleh kita ngga banyak penonton juga dibayar. Artinya kita juga bisa giat2 mengupload sekaligus belajar dari konten kreator lain. TERIMAKASIH"
225,Rey Naldi,4,2024-10-23 18:24:33,Kenapa tiktok saya. Sering tidak bisa di buka aplikasi tiktok. Selalu saya hapus dan download lagi. Kalau live. Ad pembritauan bahwa penonton di batasi. Tolong yg tau info nya. Kendala dimna?
226,Alisa Bela,5,2024-10-23 18:03:11,Bgus sosial media hiburan yang komplit
227,Rooney Athok93,5,2024-10-23 14:54:12,âœŒâœŒâœŒğŸ‘ğŸ‘ğŸ‘ğŸ‘ğŸ‘ğŸ‘ğŸ‘ŒğŸ‘Œgood
228,Kifayat Ahah,1,2024-10-23 13:22:44,Sullman
229,anwar saidatul10,5,2024-10-23 09:33:06,mmbantu
230,Andre delvian Delvian Nugroho,1,2024-10-22 22:45:42,aplikasi nya lemot banget dasar lho anjiiiingg
231,Sharma Official,2,2024-10-22 22:20:04,Mohon tiktok ku diupgrade karena masih versi lama terimakasih
232,Petrus Oecusi,5,2024-10-22 19:09:47,Petu
233,Jasimah Jasimah,5,2024-10-22 17:08:18,Luar biasa
234,Mohamad rian Setiawan,5,2024-10-22 09:16:31,Sangat bagus buat nonton video pendek
235,Tom Ktm,5,2024-10-22 05:54:16,Very good
236,Jinizarianapinto ibalai,5,2024-10-21 21:23:08,Sangat bermamfaat
237,Elisa Maia,1,2024-10-21 14:01:27,Tidak terlalubagus
238,Graciano Baptista,3,2024-10-21 11:17:31,sangat suka tapi saat membuka loadingnya lama.
239,Anak Rantau,5,2024-10-21 10:19:04,Terimakasih
240,Silvia Sherly,3,2024-10-20 22:08:08,Kenapa setiap kali aku suka moan di draft videoku. Rencana mau ngedit.. malah nggak bisa... ğŸ˜’
241,Floraquida Denicia Maria Madeira,1,2024-10-20 20:31:06,Sulap ngk adğŸ˜«
242,zy barreto,5,2024-10-20 17:26:36,Hahahahahahah
243,Robiullamin Shuvo,3,2024-10-20 12:18:11,à¦†à¦ªà¦¨à¦¿à¦¯à§‡à¦†à¦®à¦¾à¦°à¦à¦‡
244,Algafar Fatih,3,2024-10-20 02:01:06,"Karena tidak memuaskan selain sering update suka tiba"" keluarkan diri dan minta di pulihkan kaya orang sakit aja minta berobat..."
245,Titha1 Thita2,3,2024-10-19 18:41:46,Aplikasi ya udah donwlot tapi gabisa masuk
246,Putri Indah,5,2024-10-19 18:25:33,Sanngat bgus....
247,Bebora Psht,3,2024-10-19 08:01:28,Asa yfan
248,Carrolino Da Silva maya,5,2024-10-18 20:08:15,Very nice
249,Arifin Sipayung,5,2024-10-18 17:04:22,Mantap banget
250,Md Tanvir,5,2024-10-18 17:03:07,Raikb
251,Reza Aditya,5,2024-10-18 13:04:00,"Saya kasih bintang 5 karena aplikasi TikTok ini sangat memuaskan,dan sangat menghibur"
252,Jhon Bosco,5,2024-10-18 11:52:11,Terima kasi untuk app ne saya suka
253,Jenoveva Tavares,2,2024-10-18 11:19:46,Mengapa akun saya di blokir
254,Paul Alis,5,2024-10-18 08:51:34,Paulalis
255,jose dacosta,1,2024-10-18 07:27:29,Aplikasi ini juga bisa digunakan sebagai bahan
256,yanti wahyuudin,5,2024-10-17 22:57:08,Good i like
257,yeni nuraeni,5,2024-10-17 22:27:48,Seneng dpat rejeki Alhamdulillah dengan nonton vidio
258,Safar Taher,5,2024-10-17 19:36:04,Very good
259,robi bramantio,5,2024-10-17 17:26:35,Verry good bagus kerja bagus
260,Sandrih Doank,5,2024-10-17 14:49:25,"Sangat menyenangkan bisa berkenalan dan memperbanyak teman,dan dapan uang sampingan"
261,Sria Sri,5,2024-10-17 11:10:17,Suks
262,Raden kumandang suoro,5,2024-10-17 11:02:16,Cocok untuk hiburan pas lagi gabut
263,Cecilia De Sousa,5,2024-10-17 10:55:42,Even
264,Bila Raja,3,2024-10-16 16:03:21,ğŸ•‹ğŸ•Œ
265,Momi Aya,5,2024-10-16 02:50:57,Good
266,Triyanto T,5,2024-10-15 22:22:17,Ok
267,R Tilman Viegas Martins,4,2024-10-15 18:42:46,"Tolong di akun saya tidak bisa semua orang,dari Komentar juga gk bisa tolong diperbaikiğŸ™ğŸ½ğŸ™ğŸ½"
268,Ikun Matai,5,2024-10-15 18:31:41,Jessy matai
269,GRIFARIO,5,2024-10-15 18:06:04,Grifario kehi
270,Nelsia Yolanda Mendonca,5,2024-10-14 19:47:21,Terbaik until tonton Dan bagus tapi Installe nya lama
271,Maria Urquiza,1,2024-10-14 02:53:44,ÃœÃ§ ki
272,Simpliciobarreto Ximenes,5,2024-10-13 23:53:25,Teristal
273,Mohammad Fani Kurniawan,1,2024-10-13 12:53:11,"Sudah mengajukan keluhan kepada pihak Customer Service bahwa fitur live game pada akun saya tidak tersedia dan hanya ada fitur live biasa, tapi tidak ada tindakan maupun jawaban selama lebih dari 2 hari"
274,Siti Kamilah,5,2024-10-13 00:12:52,Bguss sekali
275,Richard Malonda,1,2024-10-12 19:39:05,"update yang berlangsung sangat lama, apalagi buka aplikasinya, sangat berat karena menguras ram padahal ram saya 3gb. Sungguh menjengkelkan.."
276,Mateus ximenes Mateus,1,2024-10-12 13:46:06,Fbg.
277,Siha Elfad,5,2024-10-12 12:46:13,ğŸ‘ğŸ‘ğŸ‘
278,Nataciaa Azaah,5,2024-10-12 12:26:32,Memang sangat bagus
279,Maulana Odeks my,5,2024-10-12 02:24:29,Bisa di buka tiktok
280,Momdhea Dhea,4,2024-10-11 15:17:31,ğŸ‘ğŸ‘
281,Sanmorje Ati,5,2024-10-11 07:43:02,Apk Nia Bgs
282,Nandang,5,2024-10-10 22:20:59,Yg pasti tiktok itu....untuk hiburan & business...good's
283,Putri Tunggal,5,2024-10-10 18:41:30,Ok
284,Novi Wulan dari Ninggsih,2,2024-10-10 08:20:14,Pihak tik tok yang terhormat saya minta tolong Mohon di perbaiki lagi dengan konsisten.
285,Chito Tatto,5,2024-10-09 23:11:17,Sangat bagus
286,Rosalinda Jouxha,3,2024-10-09 21:47:07,Tiktok bagus untuk hiburan tpi.update trus tiap hari sya kasih bintang 3
287,Tar Yadi,4,2024-10-09 19:41:18,D tiktok lite uda 2k tapi belum bisa liat live akun lain. Kenapa ya. Jadi tiktok lite saya hapus. Jadi saya dounwlod aplikasi tiktok lain cuma engga bisa d instal kenapa ya?
288,artika jember,2,2024-10-09 16:46:36,aq suka tik tok tapi sekarang tik tok susah gk bisa di perbaharui.
289,atiyah atiyah,5,2024-10-09 07:56:16,5 Bn
290,Alwi Fera,5,2024-10-08 21:09:21,Mantap tik tok cuman banyak yang gak jelas
291,Muhammad umar Umar,5,2024-10-08 19:46:29,saya mamu puya pacar
292,Bonifasio Afito,5,2024-10-08 18:31:26,Bagus lah
293,Imas Mastariya,5,2024-10-08 14:30:38,Alhamdulilah sih Ada nya tik tok bisa membantu mengobati rindu ku yg lagi cari rejeki di negri onta Makasih tik tok ğŸ˜˜ğŸ¥°ğŸ¥°ğŸ¥°
294,Dhofan Anjos,5,2024-10-08 14:21:33,Bagus
295,Tanifa Dos Santos,5,2024-10-08 13:07:10,Kenapa flowers saya udah 1000 tapi tidak bisa melakukan live coba perbaiki yaaağŸ—¿
296,Ø§ÙˆÙ‚Ø´,5,2024-10-08 11:53:43,Bagus
297,Hary Anggara,1,2024-10-07 21:53:50,"Ini tiktok tiap hari di update, gila"
298,Dini Nur rizki,5,2024-10-07 16:30:47,Mantap bagussss
299,Vio Indo,4,2024-10-07 16:01:50,Sangat menghibur
300,Jiniizariana pinto,5,2024-10-07 14:21:42,Sangat membantu terima kasihğŸ˜ŠğŸ¤—
301,lukman Nae,5,2024-10-07 12:17:38,Tidak bisa mendonlod nya
302,Afing XymeneZ,5,2024-10-07 11:14:57,Simpan
303,Noonick Mellyanty,5,2024-10-07 02:02:04,Jos
304,Alap alap,4,2024-10-06 21:49:48,Ok
305,Anser Shak,5,2024-10-06 19:10:37,Kokjk .
306,Taqiyuddin Al Hadid Zulkarnaen,1,2024-10-06 14:07:49,ini knp di play store ada 2 tiktok? (bukan tiktok lite)
307,Ricky Walker Nasution,5,2024-10-04 22:42:15,Tiktok duplikat memang oke ğŸ‘ğŸ‘ğŸ‘
308,Aprilia Talita,5,2024-10-04 19:27:55,Nice
309,HonÃ³rio de Jesus,3,2024-10-04 18:19:57,Saya suka sekali Tik Tok bisa hibur saya
310,Nur Purwa,5,2024-10-04 18:09:28,aaaaaaaalos
311,Nivia Sonny Sonny,5,2024-10-04 17:05:34,Aku kasi Lima bintang karna bagus dan bermanfaat ğŸ‘ğŸ˜…ğŸ«´
312,Milah Aja,5,2024-10-04 09:29:25,Bagus
313,Enrique Prospero Bautista,5,2024-10-04 02:41:03,ğŸƒ
314,Reynal Krisdelindo,5,2024-10-03 23:57:25,I Like This
315,Dandi Daeng mapato,5,2024-10-03 23:32:47,Sangat bagus
316,Salamah 1,3,2024-10-03 19:37:23,Kenapa tiktok jadi gak bisa posting ulang
317,Aisyah Ahmad,5,2024-10-03 17:00:20,Saya sangat senang punya aplikasi tiktok
318,Febia Silva,5,2024-10-03 15:53:42,Aplikasi ini sangat bagus ğŸ‘ğŸ‘ğŸ’—
319,Muhammad Febri,1,2024-10-03 15:04:31,aplikasi banyak bug
320,Caitlin Freeman,4,2024-10-03 14:17:49,kurang bagus sih ğŸ˜
321,Nuncio Dacosta Narias,1,2024-10-03 10:17:29,Aku suka tiktok
322,Md SUPARNA,5,2024-10-03 09:09:11,Perangkat bintang anda.
323,Lukman Hakim,5,2024-10-03 01:18:58,Oke deh
324,Nur Madijaya,1,2024-10-02 21:02:32,Ajay Da Costa
325,Tania da costa Tania ximenes,1,2024-10-02 04:06:00,Thanya
326,Lilik Siswanto,4,2024-10-01 23:32:08,Bagus tp banyak informasi hoax
327,Edit Kreator,1,2024-10-01 18:01:27,"Aplikasi gk ada gunanya,bikin HP lemot dan cpt rusak HP nya,jgn didownload, donlod yg lite aja yg versi ini bikin hp ngebleng"
328,DEWI FORTUNA,2,2024-10-01 11:59:06,Di negara OMAN g bisa di buka tiktok y
329,Noki Tilman,5,2024-10-01 08:24:24,aku suka
330,25Mariano Ribeiro,5,2024-10-01 07:58:27,Matap
331,Nata Ndud,5,2024-09-30 23:34:37,Mantap
332,Khalil Khalil,4,2024-09-30 19:22:31,Ø§.Ø·Ø§Ù„ÙŠ
333,Tilman Silva,5,2024-09-30 15:16:06,aplikasi ini bagus
334,Tesha Febrini,2,2024-09-30 09:27:52,"Mohon jangan di hapus draf kami, jika kami uninstal dan di instal lagi"
335,Vacu Malay,5,2024-09-29 22:28:58,Adinu Rema077
336,Reno Reno,5,2024-09-29 17:19:31,Bagus
337,Safa Afiya,3,2024-09-29 15:05:46,kenapa kalo simpan foto harus ada watermark nya sih
338,Nanchyo Lopes,5,2024-09-29 14:13:39,Bagus
339,teuku elfian,5,2024-09-29 12:32:01,Penggunaan mudah mantabs
340,this kia,1,2024-09-29 12:15:28,"aplikasi yang sangat buruk, tidak ada api padahal sudah chattan selama lebih 3 hari."
341,Eliana Putriani,5,2024-09-29 11:47:38,Bagu Alhamdulillah lancar
342,Adriano Fernandes,5,2024-09-29 06:53:29,5 ğŸ«¡
343,Ziva Mali,5,2024-09-29 06:11:51,Sangat baguss
344,Wahyu Firdiyansyah,1,2024-09-29 05:16:07,Aplikasi super duper lemott. Ram sering penuh sendiri .padahal sisa ram 3 gb lebih tapi waktu buka tiktok ram langsung habiss tinggal 200 mb
345,Nelia Maria,3,2024-09-29 05:13:29,Alina
346,Hercia Costa,2,2024-09-28 13:22:51,Bgsa
347,Puti Fathia hanoon,2,2024-09-28 13:11:17,api aku ngga nyala padahal udah 3 hari chatan
348,Mustofa Tofa,5,2024-09-28 03:28:33,Ok
349,Elia Goncalves,5,2024-09-27 20:16:53,Elia gon
350,Tuti bt Wihadi cakra,1,2024-09-27 10:45:31,Aku Mau account pertamaku kembali
351,Andi Esty,5,2024-09-27 08:14:49,bagus
352,Yanti Nabila,5,2024-09-26 21:54:12,Terhibur
353,yusran Nur,5,2024-09-26 20:39:46,bagus sekali
354,Wai Wainem,5,2024-09-26 16:40:56,Sangat bagus
355,Eko Prio Prasetyo,5,2024-09-26 14:00:07,Ok
356,linda rafa,1,2024-09-26 10:08:36,Sangat buruk udah di perbaharui satu minggu mental lagi ğŸ¤¬ğŸ¤¬
357,Adida Costa,5,2024-09-26 09:34:05,Bagus
358,Dihya Muhammad,5,2024-09-26 08:20:48,Bagus
359,Suhendar Hendar,5,2024-09-26 00:12:44,Mantap
360,Klenio Leong,5,2024-09-25 21:55:12,Tiktok ini itu bagus sekali karna orangsemua bisa dapat premium tiktokğŸ¤©
361,Rytwo Rodrigues,5,2024-09-25 19:49:47,Sangat bagus dan nyaman dalam bermain media sosial yang satu ini. Puas banget..
362,Pengguna Google,3,2024-09-25 17:52:54,"Makin jelek fitur ""hapus semua"" di riwayat tontonan/apapun itu ga ada? Capekk min ngapus satu satu"
363,Khanza Salsabela,5,2024-09-25 12:32:04,Wow sumpah bagus bgtttt suka bangettttğŸ˜ğŸ˜ğŸ˜ğŸ˜ğŸ˜
364,Rania Bawel,5,2024-09-25 11:01:45,Kenapa tidak bisa to up lewat allikssi
365,Fajar Surya,5,2024-09-24 23:08:40,ğŸ‘
366,Ghina Nurzahra,1,2024-09-24 20:44:07,"ga bisa login kocak,serverlu stres"
367,Ason Zhya,4,2024-09-24 12:37:49,Aplikasi ini sangat bagus sekali.
368,Ernakusumawati Basuki,5,2024-09-23 17:15:40,Bagus banget
369,Syahrul Alam,4,2024-09-23 14:21:26,Alwi 3B
370,Mario Jida,5,2024-09-22 22:14:14,Baik
371,Maria Imaculada,5,2024-09-22 09:18:00,Sangat bagus terima kasih
372,Ma Ti,5,2024-09-22 08:10:30,Ok
373,Any Dahlanpune,5,2024-09-22 03:08:34,Kerennya
374,Irfan Yusuf,5,2024-09-21 21:25:50,Aplikasi ini sangat berguna ğŸ‘
375,Novia Barreto Ferreira,5,2024-09-21 14:22:05,Aplikasi nya bagus banget saya sangat sukağŸ‘ğŸ‘
376,Jacob Maria,5,2024-09-21 05:33:04,Aku suka suka
377,Faeyza Al Fathan,5,2024-09-21 01:24:31,The best
378,Rita Rita,5,2024-09-20 23:47:23,Aplikasi aku se hapus
379,M irwan maulana Irwan,5,2024-09-20 21:06:05,Bagus
380,yunus zakaria,5,2024-09-20 19:37:27,Oke bagus seru hiburan
381,Aisyah Awashi,4,2024-09-20 11:43:37,Good TikTok can make us happy and can increase our ties with many people ğŸ«°
382,Dd Vf,5,2024-09-20 11:42:30,Sunmoon
383,Syakirana Aja,5,2024-09-19 18:06:19,Bermanfaat
384,à¦—à¦•à§à¦² à¦¬à¦¿à¦¶à§à¦¬à¦¾à¦¸,1,2024-09-19 17:38:20,à¦—à¦•à§à¦² à¦¨à¦®
385,Ana Maria Xavier,5,2024-09-19 14:05:40,Tiktok seruh
386,Dany Mitako,1,2024-09-19 12:31:35,Sering error
387,Hariadi Firmansyah,5,2024-09-18 21:54:07,Oke
388,uman saja,3,2024-09-18 20:57:10,Gara gara ngelag hp langsung error meski buka batre baru normal ...untuk hp Ram 3 ..tiktok terasa berat APK nya
389,Ravi Arnan Irianto,1,2024-09-18 19:09:45,Buriq
390,Sri Lampir,1,2024-09-18 14:14:01,"Tiktok sekrng jelek kurang bagus udh ngk bisa di buka kalau di buka CMN logo tiktok yg kluar hitam trus,,,masa biar normal lagi harus apus aplikasi trus download ulang sih tolong di perbaiki aplikasi tiktokx"
391,Damiao Gerson Freitas,5,2024-09-18 11:02:29,ğŸ™ğŸ»
392,ELI SITI KHODIJAG,3,2024-09-18 02:17:48,"Tiktok bagus buat hiburan, tapi Tiktok saya sering GK bisa d buka d download lg "" sering kaya gtu ini dh kesekian x nya...gmn sich GK pernah anteng ?!"
393,Ipey 173 173,5,2024-09-17 23:45:46,Nice
394,Samot Pratama,4,2024-09-17 22:19:17,Sangat bagus sekali aplikasi ini
395,David New,5,2024-09-17 20:49:10,"Jos,,"
396,Sandi nya,5,2024-09-17 20:27:27,Ok
397,Muhamad Awalludin,5,2024-09-17 16:46:19,HADITS BUDI LUHUR PEGANGAN MENUJU TENTERAM
398,Indah Yani,5,2024-09-16 22:53:05,Sangat menguntungkan dan banyak temen
399,ferdy moco,4,2024-09-16 20:33:11,Bagus
400,Muhammad Sakdi,5,2024-09-16 13:04:10,Bisa
401,Jaimitu Caunan,3,2024-09-15 09:22:49,ğŸ˜
402,Shyova Baptista,4,2024-09-15 05:59:07,Apk nx bagus sekali
403,Budi Santoso,4,2024-09-15 01:25:44,Bagus kita ikut mengetahui berita dr dalam negeri maupun manca negara.. Lanjutkan
404,Ruben Alves,5,2024-09-14 23:32:00,Ruben Q
405,Riska fika Ferry alma,4,2024-09-14 21:57:08,Ok
406,Sonia da Costa Alves,5,2024-09-14 18:19:21,Intinya aja deh
407,Aang Kurniawan,5,2024-09-14 16:09:16,Baik sekali
408,Endro Rustanto,5,2024-09-13 18:53:58,Good
409,fortune deniM,5,2024-09-13 18:22:40,"tiktok is The REAL best social media; ""ğŸ‘ğŸ¼ğŸ‘ğŸ¼NUMBERO UNOğŸ‘ğŸ¼ğŸ‘ğŸ¼"" because now in my country ""no VIRAL no JUSTICE"""
410,Mou Geby,5,2024-09-13 10:11:07,Tik tok
411,Maria Cristelia,5,2024-09-13 09:46:49,Baik
412,Abi wira noer,5,2024-09-13 08:48:01,aplikasi yg sangat bagus
413,Feri Gaming tkd,5,2024-09-13 00:59:59,Keren
414,Ari Jatim,1,2024-09-12 22:23:30,Kenapa akhirÂ² ini tiktok boros kuota
415,Baby Nita,1,2024-09-12 16:48:33,ğŸ˜»
416,Ferdy 028,1,2024-09-12 09:32:22,Favite gua
417,Waqas Wesly,5,2024-09-11 23:33:26,Bilalwesly
418,Innocent Zongo,5,2024-09-11 23:09:22,J'aime Tik tok. Merci beaucoup: ğŸ™
419,Julcyu Ximemes,1,2024-09-11 16:58:59,Yourg single
420,Hengki Zonk,5,2024-09-11 16:04:46,Good ğŸ‘ğŸ‘ğŸ‘
421,Deden Buuk,5,2024-09-11 10:54:58,Sangat membantu
422,Adeya Ato,5,2024-09-11 10:13:11,Dedy
423,Asri Yadi,3,2024-09-11 07:50:35,Masa depan tidak ada yg tau gak sih tawa sutra dahsyat inbox insert intens kiss klik koki kompas dan aku nmba 100 om om momod numpang nanya nih gan
424,Sheilla Azzahra,1,2024-09-11 03:00:04,Tidak baik
425,sito senapdragon,1,2024-09-11 02:20:01,tiktok k*nt*l bikin orang enek ngabisin kuota doank t@i..!!!
426,Syamsuri Ikram,5,2024-09-11 00:01:57,OK banget
427,Ust Abrar Jusmer,1,2024-09-10 22:44:21,Aplikasi tolol ga bisa mempertimbangkan mana yang melanggar panduan mana yang nggak
428,Filipus Nainggolan,5,2024-09-10 20:57:16,FILIPUS HOTTUA EM NAINGGOLAN
429,Muhammad Jamil,1,2024-09-10 18:26:39,TurLock
430,Ihsan Tohir (Mohamad ali),5,2024-09-10 17:25:54,Hiburan mendukung
431,Leey Chi,5,2024-09-10 15:35:06,Kenapa saya tidak bisa follback orang yang mengikuti ku ? Dan kenapa saya tidak bisa posting video? Tolong dijawab
432,Daniela Fatima,5,2024-09-10 15:21:35,ap nya baik..I will best know how much you want you..ğŸ‘ŠğŸ˜»ğŸ˜»
433,Obet Babo,5,2024-09-10 09:06:12,Great Application
434,Balentina Pereira,5,2024-09-09 20:58:52,Sangat sangat bagus saya suka saya suka ğŸ˜
435,ARsyla Syafika,1,2024-09-09 20:08:35,Dikit dikit pelanggaran. Tiktok se alay itukah
436,Tina Winners,5,2024-09-09 19:31:41,Keren tiktok sop luar biasa bagus
437,Ahmad Safei,5,2024-09-09 19:28:54,Bagus
438,Fajrin Putra Abaidata,1,2024-09-09 19:25:52,"Tiktok anj, napa dah tiap gw buka tiktok pasti eror atau ngedlay gitu, persaan penyimpanan gw besar jaringan gw bagus tapi napa tiap gw buka tiktok selalu delay bgst. Tiap gw baru buka tt beberapa menit kayak 30menit gitu pasti tr gw udah delay & sampah chace gw banyak amat padahal cuma buka beberapa menit gk smpe 15 menit sampah chace nya udah 2.4 gb aja"
439,alief Abbat,1,2024-09-09 17:31:12,Error ğŸ¤§ saya tidak bisa melihat orang level tinggi terbang
440,Efiana Ataide,5,2024-09-09 15:54:23,Bagus sekali â™¥ï¸
441,Omasih Atrimi,5,2024-09-09 12:11:21,Bages tapi kenapa sering nutup g bisa di bugga sering aku donlat lagih
442,Anah Anah ajah,1,2024-09-08 23:00:20,Coba dulu
443,Crismansia Maluhira,5,2024-09-08 12:05:13,KerenğŸ˜
444,Tompaso Gaming,5,2024-09-08 07:44:37,Sumpah ini keren banget apalagi kalau bosan tingal main tiktok biarpun dia pakek kouta tapi tetap seruu. Dan kita juga bisa bikin akun dan kita bisa dapat temen baru di tiktok juga bisa kirim-kirim pesanğŸ˜†lima bintang si iniiiğŸ˜‰ğŸ¥³ğŸ¥³ğŸ˜»ğŸ˜»â­â­â­â­â­
445,Ece Sahar,5,2024-09-08 01:24:05,Knp sllu diperbaharui
446,Achmada Achmada,5,2024-09-07 19:43:10,Ok
447,Ali Rifai,5,2024-09-07 17:08:00,Sangat keren
448,Nurul Sakinah,5,2024-09-07 16:48:55,Bagus
449,Mutia Hauranisa,5,2024-09-07 07:13:50,The best
450,Nabila Naina,5,2024-09-07 03:40:52,nice
451,rian kholil,5,2024-09-06 23:31:40,Bagus sekali
452,zaenal Bandung 1995,5,2024-09-06 20:38:21,Bagus
453,Ka Jaed,5,2024-09-06 17:01:37,GoodğŸ‘
454,Lbh Chk,5,2024-09-06 09:55:55,Phbln Kg go kn
455,Radja Akmaloe,1,2024-09-06 09:05:25,"Aplikasi gk berguna,bikin hp lemot dan hp saya jd rusak,gara2 install Tik tok, affiliate jg susah, video dg suara bener2 dr suaranya tik tok ktnya melanggar, hadeeehh capek dehh,buat apa lu nyediain suara tp gk bs digunakan,bikin lemot penyimpanan nya nyampe 7giga, gila' ni aplikasi"
456,Sahara Bayu,2,2024-09-06 02:22:05,Asalam mulaikum knp yg setiaap mau pembaruaan apps ga bisa di dwonload mohon bantuaan kepada pengguan android maafğŸ™ masi pemulaa
457,Salvador Belo,5,2024-09-05 23:37:08,Aplikasi palin baik
458,Mah Ro,5,2024-09-05 23:11:11,Terimakasih saya sangat senang dengan tiktok
459,Budi frananda,5,2024-09-05 10:58:20,Bagus
460,Awal Waktu,5,2024-09-05 06:13:18,Siip
461,Edivaldo Costa,5,2024-09-05 06:09:40,Terbaik
462,rio yunior,2,2024-09-05 02:48:00,"kenapa bug truss, tiap kali mau buka aplikasinya kadang bisa kadang gabisa di buka eror trus, perasaan kemaren ga begini nih tiktok. tolong segera atasii please."
463,Taryani Taryani,5,2024-09-04 18:24:14,Disfuta
464,Titin Prihatin,4,2024-09-04 18:20:19,Kenapa efek berkurang dan buay stikernya hilang
465,Pedro Carceres soares,5,2024-09-04 07:38:07,I'm very happy to use
466,Jelita Ximenes,1,2024-09-03 22:20:06,Paul ktl
467,Anton Kristanton,5,2024-09-03 18:04:47,Sangat bagus tapi sayang menginstalnya sangat lamama
468,Fijanil Araujo,1,2024-09-03 14:49:02,Kenapa aku kasih bintang 1 karena video ku tidak bisa fyp
469,engracia Vieira,5,2024-09-02 22:04:23,Aplikasi
470,Nolasco Guterres,4,2024-09-02 18:50:51,"Coba,,,,!!!!!"
471,Liuray Fi,4,2024-09-02 10:43:27,Tik tok
472,Wastini Ajid,5,2024-09-02 03:14:20,Bagus sekali
473,Dilara Da silva,5,2024-09-01 18:38:26,Love this apk
474,Aluchy Soares,5,2024-09-01 08:10:11,aplikasi ini bagus banget ğŸ¥°
475,Sandy Theflay,5,2024-09-01 07:57:49,Bagus banget sngt mmbntu sekali
476,Salman Alfarisi277,5,2024-09-01 00:03:19,Menarik
477,Aludin Songge,4,2024-08-31 22:03:06,Baik
478,Lilik Handayani,4,2024-08-31 13:55:09,Sekrang nggk bisa post ulang trs nggk bisa di gedein biar ilang semua tulisannya tiktok apdate yg kyk dulu lagi dong
479,Ildeberto Costa,3,2024-08-31 13:04:28,Baik
480,Nurhasanah Menah,5,2024-08-31 03:42:05,Semoga tambah bagus
481,Edyana Costa,5,2024-08-30 21:41:32,Suka
482,Realme 10Pangkalanbun,5,2024-08-30 18:56:57,Mantap
483,Genov Dejeres,5,2024-08-30 17:50:42,Tiktok itu akan menyenankan kalo akun kita fyp
484,Muhammad Irza Maulana,1,2024-08-30 12:25:18,"Gak ngapa2in, malah kenak blokir account saya. Tiktok aneh"
485,Jejen Mutakin,4,2024-08-29 19:38:18,mntap
486,Suwarto Arto,5,2024-08-29 19:01:54,Sangat menyenakan...ğŸ¥°ğŸ¥°ğŸ¤©ğŸ˜
487,Asety Raikotuk,1,2024-08-29 12:09:01,Apk ini asli
488,Isabel da silva Marques,5,2024-08-29 07:27:49,Sya suka dengan apk ini sangat sangat bagus bisa menghibur saya
489,Firmansyah Hamdan,5,2024-08-29 00:10:38,Usefull
490,Daday Daday,1,2024-08-28 22:02:27,Msntap
491,H' TOHA,4,2024-08-28 21:58:10,Sangat terhhibur
492,ASHLEY PRODUCTION,5,2024-08-28 09:21:21,Intine FYPPPPP
493,dizania barris,5,2024-08-27 17:47:07,Bagus banget ğŸ˜
494,Nelciana Cardoso Gusmao,5,2024-08-27 14:35:32,kenapa tiba-tiba saat saya foto penyimpanan nx udah hilang?
495,Francesco topik Hidayat,1,2024-08-27 08:20:22,Aku coba dulu bagus tambahan bintang
496,? Usa not pretentious,1,2024-08-27 08:04:58,Bug tiktok aplikasi
497,Masto Gomes46,5,2024-08-26 23:26:40,Aplikasi ini sangat berguna bagi aku
498,Ilmalia Septiyana,5,2024-08-26 16:59:25,Ok
499,zakiman hadi (ZACKY_TV),5,2024-08-26 15:15:11,Tik tok mantap
500,Putra Putraeka,1,2024-08-25 21:17:29,Jaringan lelet
501,Diva Blouds (Divajuweita86),5,2024-08-25 20:05:26,Buatmuâ¤ï¸
502,Elijeu mendonca,5,2024-08-25 19:53:27,Elijeu MendonÃ§a
503,Ayda Ayda,5,2024-08-25 18:08:05,Bagus cmn lemot d hp saya klw buka nya
504,Eva Gouveia Leite,5,2024-08-25 17:17:33,Menurut Aku Aplikasih nia sangat vagus
505,Poi Jak,1,2024-08-25 12:13:53,Kamales kerena lelen
506,RIZKIARJUNA ZULVI,5,2024-08-25 10:42:56,mantap
507,Celes Korea,5,2024-08-25 09:50:10,Mantap
508,AJZ Marques,5,2024-08-25 07:22:21,Saya suka banget
509,Dede dede Eded,3,2024-08-24 10:22:39,Terhibur
510,Septi Rizkianti,5,2024-08-24 09:35:16,Seru banget sumpah nonton nya
511,Dede halimah Salwa,5,2024-08-24 06:58:29,Bagus nonton vidio bisa dapat cuan
512,Rini Oktaviani,5,2024-08-23 21:36:49,Good
513,Ripal Asep234,5,2024-08-23 19:11:13,Ok
514,ina,5,2024-08-23 13:01:24,Aplicasi Nia bakus Dan juga bisa dolat video yan kita mau
515,Nasril Chaniago,5,2024-08-22 21:38:44,Keren
516,Maria Soares,4,2024-08-22 18:58:12,TiKToK Asoi
517,Nagita Wulandari,4,2024-08-21 13:59:23,Mantap keren pokoknya membantu banget...ğŸ™ğŸ¼
518,Rita 123,5,2024-08-21 03:40:19,Sangat bagus
519,M Zubair,1,2024-08-21 00:14:11,he
520,Diki Wahyudi,3,2024-08-20 20:10:30,"aku sih disuruh download sama ayang, mangkanya ikutan download ğŸ¤ª awalnya paling anti si ama tiktok.. but gegara ayang mah apa si yg gk boleh azeeek ğŸ˜"
521,opikmbozo 82,5,2024-08-20 17:58:41,Aplikasi tiktok benar menghibur bangat ğŸ‘ğŸ‘ğŸ‘ğŸ‘ğŸ‘
522,Sk Sakil,5,2024-08-20 17:01:21,dhfu
523,Hareram Yadav,4,2024-08-20 15:45:34,HareramYadav
524,Ato Syakir,1,2024-08-20 00:32:05,Buruk
525,Ane Nuraini,5,2024-08-20 00:01:03,Sangat bagusss
526,Erik Falo,1,2024-08-19 17:22:29,Aplikasi sangat bagus
527,Okky Putra Utama,1,2024-08-19 09:20:05,"Sudah melakukan banding agar fitur terbuka tapi alasannya foto nya kurang jelas , padahal jelas jelas umur yang di masukan sudah memenuhi persyaratan . Banyak aturan tidak jelas ."
528,Surahman Man,5,2024-08-19 07:54:50,Sangat bagus
529,Martinha M.exposto,5,2024-08-19 06:24:03,Aplikasi Nia tiktok Nia sangat bagus Sekali saya kasi bintang 5 dek
530,haci vengeance,3,2024-08-18 19:03:10,"Kenapa tiktok semakin kesini semakin lemot, mau buka pusat afiliasi gak kebukabuka, loading mulu... Kuota mh kena kebuka engga, tolong dong di benerin"
531,Milenya Soares,1,2024-08-18 16:45:08,Bagus banget
532,aam amelia,5,2024-08-18 13:04:26,Keren
533,Lavatoza Amier Mangunraha,5,2024-08-18 07:48:04,Bagus sangat
534,Sabinho Assis,5,2024-08-18 04:05:27,Karena bikin Saia lebih semangat untuk bekerja
535,Zarra Boomz,5,2024-08-18 00:11:42,Bagus
536,Putra Angga,4,2024-08-17 23:09:12,Coba dulu
537,Martini Tini,1,2024-08-17 19:26:05,Lmbat
538,Arna Arna,5,2024-08-17 12:09:51,Coba di perbaiki
539,Lia Vanesa,5,2024-08-15 18:31:27,Sangat penting untuk mencapai cita-cita dan tujuan nasional dan internasional yang telah berpartisipasi seputar produk dan layanan Telkomsel silakan mention kembali apabila ada yang bisa dibantu
540,Delca Avarina,5,2024-08-15 18:14:06,"excuse me ,do u like u loveee me"
541,Khaning _,5,2024-08-15 11:12:02,Apaan akun baru login udah lag out sendiri ngak jelas... gimana aih ini aplikasinya ancr
542,Ehsanullah,5,2024-08-15 09:14:50,When TV hd web be web be
543,Rizki Fribadi,1,2024-08-14 22:34:32,"Komentar ga kasar"" banget kok dihapus, sensitif bngt anjeng"
544,Sindy Mulyani,5,2024-08-14 19:37:38,Sangat ğŸ’¯
545,Fariz Maulna,5,2024-08-14 16:34:58,Pelepas tasa cape
546,Aisyah Aisyah,5,2024-08-14 14:15:25,Tolong buka tiktok aku
547,UNYIELL 669,5,2024-08-14 04:21:06,Mantap
548,Martinho Alves,5,2024-08-13 17:22:58,Good
549,Aderito Costa,5,2024-08-13 13:03:24,Even
550,Gimhy 211,5,2024-08-13 09:32:29,Ini benar benar bagus maka saya beri bintang 5
551,Syahidi Busiri,5,2024-08-13 07:27:40,Bagus cepat dan terhibur
552,Arsenio Arsel,1,2024-08-13 07:06:37,Kenapa saya tidak bisa masukin akun saya ke tik tok ini mohon di perbaiki lagi
553,Maria filomena Lopes,5,2024-08-12 18:57:54,Bagus sekali
554,Nevin Gomes,1,2024-08-12 14:45:45,Tiktok saya tidak bisa live ğŸ˜”ğŸ˜”
555,Fernandito da Costa Neves,5,2024-08-12 13:34:27,"tik tok ini bagus tapi update"" terus bikin kita bosan juga wkwkwkwkwkğŸ˜‚ğŸ˜‚"
556,Gilbert Paef,1,2024-08-11 14:48:01,apaan ni mo pos foto aja gak bisa jangan kasi batasan dong orang mau pos gak bisa ğŸ˜¡ğŸ¤¬ğŸ¤¬ğŸ¤¬ğŸ¤¬ aku gak mau tahu harus perbaiki akun gua gak bisa lagi buat aplot foto dan vidio ğŸ˜¡ğŸ˜¡ğŸ˜¡ğŸ˜¡ğŸ˜¡ğŸ˜¡ğŸ¤¬ğŸ¤¬ğŸ¤¬ğŸ¤¬ğŸ¤¬ğŸ¤¬ğŸ¤¬ğŸ¤¬ğŸ¤¬ğŸ¤¬ğŸ¤¬ğŸ¤¬ğŸ¤¬ğŸ¤¬ğŸ¤¬ğŸ¤¬ğŸ¤¬ğŸ¤¬ğŸ¤¬ğŸ¤¬ğŸ¤¬ğŸ¤¬ğŸ¤¬
557,Alya shavirha,5,2024-08-11 11:26:45,Bgus
558,Aryanti Nurfi,5,2024-08-11 08:57:15,Tik tok seru banget
559,Abah Ocim,5,2024-08-11 08:24:09,Very good
560,Sebas Arauju,5,2024-08-10 12:56:19,ğŸ¤
561,Salman Ali,5,2024-08-10 12:11:28,Kahif
562,Clarita Da Costa,1,2024-08-10 05:32:30,Kenapa aplikasi lain ada fitur Sulap kok saya punya ini nggak ada sih... padahal dulu itu ada teruss hilang kenapa yah?
563,Soriano Freitas,5,2024-08-09 20:07:08,Bagus
564,Nelson Mandelof9,5,2024-08-09 18:50:01,Ok
565,BY: P.A.S,5,2024-08-09 16:45:52,Aku terhibur
566,Joaquina Pinto,5,2024-08-09 16:36:55,Bagus
567,Yohanes Dacosta,5,2024-08-09 06:39:50,ğŸ‘
568,Fitri Sayang,1,2024-08-09 06:26:54,"Kenpa tiktok saya di blokir live permanen, sedangkan saya ga melanggar apapun, sudah 4 tahun tiktok saya ga bisa live"
569,lalan costa,5,2024-08-08 21:51:23,Good
570,Adryel Dossantos,5,2024-08-08 20:54:20,Aplkasi sangat membantu belajar Meng hibur dang menhilakan bosang
571,Nana Watson,1,2024-08-08 14:45:18,Updated muluğŸ˜ªğŸ˜ªğŸ˜¤ğŸ˜¤
572,Selvia Febrianty13,5,2024-08-08 13:15:51,Bagus bngt
573,Deva Sri mardiana,5,2024-08-08 13:06:58,Kenapa tiktok kami slalu cepat rusak
574,Eva Lopes,5,2024-08-07 18:44:03,Sangat berguna
575,Fatma Mesquita,1,2024-08-07 18:34:13,Ini itu selalu keluar iklan pazel
576,Yanti one,5,2024-08-07 18:16:37,Eror
577,Nurllela Amir,5,2024-08-07 10:18:47,Okey
578,Muhamad Arfan,5,2024-08-07 03:35:48,Awesome an application ever
579,LOAFER JANE JAN,5,2024-08-07 02:31:45,F i z h s
580,Dias Sanjaya,5,2024-08-06 23:11:07,Jos
581,Ilham Gembi,5,2024-08-06 21:28:47,Aplikasi bagus
582,Aaaa Bbbb,1,2024-08-06 16:24:20,"saya kena pelanggaran dibawah umur 16 tahun, padahal saya sudah kirim permohonan banding... sudah kirim ktp dan selfie katanya suruh nunggu 24 jam tapi mana hasilnya?? udah 3 hari ga ada hasill.... tolong dong dibenerin."
583,Marcio Belo,5,2024-08-06 15:00:55,Keren
584,Hendi Rahmam,5,2024-08-06 05:14:27,Seabad nginstal di hp j2 primeğŸ¤£ğŸ¤£ğŸ¤£
585,Amenh,5,2024-08-05 17:30:42,Ø§ÙˆÙˆÙˆ
586,Novelio Lopesdacruz,5,2024-08-05 11:27:31,Bagus
587,Luciano Nizen,5,2024-08-05 06:52:21,Tetap tambakan imajinasi Nia ğŸ’¯
588,Jose Reinaldo Martins,4,2024-08-05 04:51:09,Thanks tiktok
589,Eep Kukukk,3,2024-08-05 01:12:30,Kenapa ga bisa login
590,Valentinho Miranda,5,2024-08-04 23:02:15,Sangat baik
591,Alda Dolores,5,2024-08-04 15:09:44,Aplikasi ini bagus banget saya suka
592,Carolina Hornay,1,2024-08-04 08:02:25,Akun saya terblokir sudah dua kali . akun pertama likenya sudah banyak pengikutnya juga sudah banyak sudah cape2 ngumpulin like sebanyak itu malah akunya ke blokir.akun ke dua aku juga padala daftarnya belum 2 bulan.homon perbaiki dan lebih baik pulihkan akun aku.akun pertama=larigata_girl Akun ke dua=veee_xiiiaaaa07.
593,Dina Yulianti,1,2024-08-03 22:56:52,Makin kesini makin kacau DikitÂ² pelanggaran padhal cuma video biasa
594,Ajianti Freitas belo,5,2024-08-03 20:15:48,Sangat bagus
595,Margarida Febriana ribeiro,5,2024-08-03 10:10:45,Bagus sekaliğŸ˜­
596,Malku Melki,5,2024-08-02 18:58:43,B aj
597,Racel seluler,5,2024-08-01 20:35:24,Oke
598,Abdul Madji,2,2024-08-01 12:28:09,Knp pas lagi nonton tiktok tiba tiba tida ada koneksi internet padahal ada tolong di perbaikiğŸ™ğŸ¾
599,Defita Filipe,1,2024-08-01 11:27:21,DefitaFilipe
600,Ainur Rofikin,5,2024-08-01 10:07:00,Good
601,Marlinda Goncalves,5,2024-08-01 10:06:25,Ga bagus
602,Siti Rahmawati jaidun,5,2024-08-01 01:40:50,GoodğŸ‘
603,Hariyanto Ibnu,5,2024-07-31 20:16:54,suke
604,Rizki 1108,1,2024-07-31 16:48:45,Aku ingin aplikasi ini menampilkan semua video kecuali saru-saru ada yang menikah lah tolong ya dan menampilkan sinetron
605,ciyo anak yanto,1,2024-07-31 16:23:55,susah bgt fyp
606,Soares Naikerek,4,2024-07-31 09:24:56,Kenapa video dsn fotoyang saya post tidak fyp
607,Quenza Campos,5,2024-07-31 06:14:41,Tik tok sangat bagus !
608,Rini Suryani,5,2024-07-31 04:35:16,Bagus sekali
609,Ayu Yuni,2,2024-07-31 03:37:09,Beri bintang 2 dlu karna pas nonton live selalu putus
610,Sre O,4,2024-07-31 01:30:38,"sekarang tiktok gak bisa simpan Poto ke galeri,,yg ada cuma bisa simpan ke draf doang ga kaya dulu"
611,Mandala Putra,5,2024-07-30 22:28:26,Slalu ke depan
612,noronha belo,3,2024-07-30 19:52:53,Saya kasi 3 bintang ğŸ”¯ğŸ”¯ ğŸ”¯ karena saya baru pakai aplikasi ini
613,Erni Mahesa,1,2024-07-30 19:41:16,kok di aku gabisa update ya tiktok nya
614,Obet Farya,4,2024-07-30 17:53:32,Bagus
615,Ohohoh Opoo,5,2024-07-30 16:16:23,Aplikasi Ini Sangat Menghibur
616,Konntol Botak,5,2024-07-30 16:06:05,Sigma rizz gyat mewing
617,madalena da costa,5,2024-07-30 11:38:47,saya suka dengan aplicasih tiktok karna sangat menghibur aku
618,ÙŠØ§ØªÙŠ ÙŠØ§ØªÙŠ,3,2024-07-30 00:53:59,ğš˜ğš”
619,é­ã®Kaguya,2,2024-07-29 21:49:52,Masalah nya cuman 1 Shadow ban nya gak asik
620,Mamduhah Mam,1,2024-07-29 17:17:39,Apa ini tiktok buat video aja kena blokir Payah ini aplikasi gak seru
621,Suzeti CostaBarros,5,2024-07-29 14:28:39,Sangat bermanfaat
622,Denizo Samuel,5,2024-07-29 08:15:09,Gue mau Jarigan gue semakin baik
623,Hozairi,5,2024-07-28 22:14:51,Aplikasi kerren
624,Eni Rohaeni,3,2024-07-28 18:56:15,Aplikasi sangat bagus..tapi kenapa music tiktoknya pas buka live jadi tidak ada
625,Leonia Olinda Filipe,5,2024-07-28 13:30:53,Ini bagus banget sih tik tok nya debes sih
626,Rendy Kato,5,2024-07-28 12:32:48,Bikin video bisa cantik mantap
627,Dina Patrisia,5,2024-07-28 11:24:58,Bagus apk nya
628,Leila matos Clarisia,5,2024-07-28 11:14:01,Bagus sekali
629,alfarro reyyza,1,2024-07-28 09:12:21,Bikin aku kesal sih kenapa ya aku maunya foto tapi malah jadi vidio kenapa ya tiktok punya kakak aku beda ya dari punya aku gak adil ini mah tolong di perbaiki lagi!
630,Mayang Sari,5,2024-07-28 04:17:33,gusbagus takye
631,Utaabi Kadeer,3,2024-07-28 03:53:59,Aplikasi tik tok sangat membantu kami
632,Lastri Andri,2,2024-07-28 03:22:59,Knpa efek pada hilang
633,evvsgvs vswgw,5,2024-07-27 22:32:48,Maeerjan
634,AntÃ³nio Rodrigues,3,2024-07-27 22:22:15,Sangat bagus dan ada hiburannya
635,Sifa Khaliffa,5,2024-07-27 15:15:45,Kenaph. Susah di buka lgh
636,Miss Nila,1,2024-07-27 15:00:23,Perbanyak perbaikan aplikasi ini ğŸ™ğŸ¥º
637,Sifa Senja,5,2024-07-27 06:12:19,Plis dukung tiktok saya biar fyp
638,Risma Risma,4,2024-07-26 21:24:31,Apknya bagus tapi kalo dah masuk kok keluar lagi jadi saya kek kesel gitu tolong di perbaiki lagi ya tiktok
639,laily hidayat,5,2024-07-26 21:04:58,B aja sih
640,Putra Gunawan,5,2024-07-26 20:06:43,Bagus
641,Su Mitri,5,2024-07-26 18:43:23,Aplikasinya sangat bagus video makin HD pokoknya bagus banget
642,Sanusi Kutil,1,2024-07-26 18:34:17,Apk nya ga kaya dlu sekarang mh jelek banyak bug burik apk nya saya udh ga main ni apk pihak tiktok tolong di perbaiki lah bjir
643,Adao Sarmento,5,2024-07-26 18:25:09,Aplikasi nia bagus
644,Rosmiati Btagusamad,4,2024-07-26 16:10:05,bagus sih kata sayaaaa
645,Sattar Khan,1,2024-07-26 13:41:58,Mu'izz
646,Francisco afonso Afonso,5,2024-07-25 23:16:46,Sangat bagus
647,Bdbbs Sbs,5,2024-07-25 22:17:51,Ù†ÙˆØ± Ø´ÙŠØ­ÙŠ
648,Natalino Maia Nato cof,1,2024-07-25 21:59:52,Bagus
649,Denelson Felicidade,1,2024-07-25 18:45:10,App ini bagus sekali buat anak sayağŸ‘ŒğŸ™ğŸ˜‡
650,Aty Sap,5,2024-07-25 18:25:47,Ya sangat menarik
651,Jaime Soares,2,2024-07-25 12:17:40,Saya tidak suka karena pas saya lagi nonto tiba tiba Saia di blog dari tiktok ğŸ˜¡ğŸ˜ 
652,Delicia Sien,4,2024-07-25 10:23:33,Bagus
653,Sabir Baloch,4,2024-07-24 19:42:49,Bsloch
654,abdilah farodis,5,2024-07-24 14:54:04,Asyik
655,izma Tout,2,2024-07-24 12:16:32,"Yah sangat bagus menghibur kita,tapi ko pas saya posting ko vidionya hilang tingal suaranya saja itu yang membuat saya kesal sii padahal udah bikin bagus bagusnya malah hilang vidionya ini bagaimana ya atasinya.."
656,Belchiora Amado,5,2024-07-24 11:25:48,Keren banget
657,Jose Maia,5,2024-07-24 11:00:22,Video
658,Sih Noob,5,2024-07-24 10:55:42,Bagas tribel nya mana tiktok
659,Anfal Khan,4,2024-07-24 01:12:10,Y xÅºğŸš¬ğŸ›‚ğŸš¬ğŸš¬ğŸ›‚
660,Viralkan,3,2024-07-23 18:54:42,goody bagnya ga ada
661,Alex Lenio,5,2024-07-23 14:40:06,ğŸ‘
662,Zhe Mendonca,5,2024-07-23 12:34:50,Ap k bagus
663,Zurria Hakim,5,2024-07-23 12:18:48,Bagus
664,Aldo Soares,5,2024-07-23 08:16:47,ğŸ‘ğŸ‘
665,Rokiin Rokiin,5,2024-07-23 02:23:53,Puas
666,Francelina Dorego,2,2024-07-23 01:35:51,kenapa saya tidak bisa buka aplikasi ini
667,Azzah Lathifa Zahrawani Ramadhani,4,2024-07-22 23:14:45,ok
668,Zehan K,1,2024-07-22 20:03:23,Ga ada bokep nya ga asikğŸ‘ğŸ»ğŸ‘ğŸ»ğŸ‘ğŸ»
669,Landmark Toto bola,5,2024-07-22 15:54:42,I like
670,Ribkaaee Ribkaaee,5,2024-07-22 09:02:30,Sangat bagus
671,Biona Rodriges,5,2024-07-21 19:48:15,Keren dahhh pokonia keren bngt dahğŸ˜
672,Florindo Pereira dasilva gusmao,5,2024-07-21 09:59:27,Sangat senang
673,joni correia,4,2024-07-20 23:53:45,Ok ğŸ‘
674,Gaming T F U E,1,2024-07-20 17:21:20,Joker of Tik Tok ğŸ¤¡
675,Khansa Nur,1,2024-07-20 16:06:35,"kenapa foto yang di simpan malah jadi video dngan durasi 10 detik? cara mengatur nya dimana ya, tolong perbaiki tiktok"
676,Saadah Sitisaadah,3,2024-07-20 15:20:09,3. dulu krna suka di batasin kenapa ya
677,Dian Herdi,5,2024-07-20 07:01:35,Taktik bpkp
678,Ronaldo da Costa Araujo,5,2024-07-20 06:16:11,ğŸ‘ğŸ‘ğŸ‘ğŸ‘
679,Avizar Liza,1,2024-07-20 04:59:53,Indonesia Di Jajah China
680,Gihon Prakoso,5,2024-07-20 01:56:58,Aplikasi brainroot
681,Fhand Longa,5,2024-07-19 20:26:53,keren
682,Dikina Kosiku,5,2024-07-19 19:52:26,Miakalifa
683,Ajo Colem,3,2024-07-19 08:20:28,Top
684,Wiliy,5,2024-07-18 19:20:47,Baik sekali
685,Wati S,5,2024-07-18 11:50:00,Bgs tp sk mati klo mau video
686,Ms Mim,5,2024-07-18 10:48:26,Chadmoni
687,Amagai Amagai,5,2024-07-18 06:44:51,TiTok
688,Andrela XimenesBosco,5,2024-07-18 05:00:29,ini udah bagus
689,Xavier Fernandes,5,2024-07-17 07:55:20,Aplikasi bagus sekali udah hiburan pada saat kita boring
690,Tarek Tarek,1,2024-07-16 21:36:16,Tik
691,Josefina Fernandes Pinto,3,2024-07-16 20:46:55,Lihat perkembangan dulu
692,ilhampratama,5,2024-07-16 19:33:51,Bgs bet
693,Raeny Zahkhan,4,2024-07-16 13:28:59,Sangat membantu orang yang betee jadi bisa hiburan
694,Marco Antonio,5,2024-07-16 10:52:02,Eu realmente gosto deste aplicativoğŸ¥°ğŸ¥°
695,SG4-EVER ALVES,5,2024-07-15 23:57:58,Aplikasi ini sangat berguna untuk anakÂ² Sekarang
696,venya Leao,5,2024-07-15 13:22:40,Bagus
697,Bidadari Surgaku,5,2024-07-15 11:44:12,Good ğŸ‘
698,Qaira Alisha,5,2024-07-14 21:45:32,"Mudahan"" tiktok trus membagi uang Saya kasi b8ntang 5"
699,Leonito dacosta,5,2024-07-14 19:52:06,Keren
700,Joana Cou gusmao,5,2024-07-14 19:28:25,Aku suka sama tiktok karena bisa membuat Vidio dan lain lain nya bikin banyak konten iang seruh baget guis coba kalian download aplikasi ini karena seru re lagi ğŸ¤ğŸ˜„ğŸ˜€
701,Nazim Bhrani,1,2024-07-14 17:18:39,AGHHH.
702,Aunty Murni,1,2024-07-14 16:32:00,apk y dkit dkit pelanggaran makin ksni makin jelek
703,Iovania Santos,5,2024-07-14 14:11:12,The best
704,Vieiro Dc,5,2024-07-14 09:29:28,Aiioo kita download aplikasi ini sangat bagus
705,Reinha Belva,5,2024-07-13 16:23:13,ğŸ’ƒğŸ’ƒğŸ’ƒğŸ’ğŸ’ğŸ’ğŸ’
706,Mavi Neves,4,2024-07-13 15:42:03,Aplikasi ini menghibur saya
707,Enih Nurmala,5,2024-07-13 12:33:27,Bener2 aplikasi yang sangat menghibur
708,Divajuweita Blouds,5,2024-07-13 11:47:46,Pemula
709,Fajar abdul Malik,5,2024-07-13 08:47:42,Keren
710,Ivonia Costa,5,2024-07-13 05:00:56,Bagus bangettttttttğŸ˜
711,Fitri Fit,1,2024-07-13 04:54:21,Gak bisa dibuka
712,Djsjsjjsvwoxbw Mkvcgckh h,5,2024-07-13 02:47:21,No love For you
713,auss,5,2024-07-13 01:41:32,Sangat puas
714,youtube com,5,2024-07-12 15:27:36,Bagus bangetğŸ˜
715,Cristian Caldas,3,2024-07-12 15:25:46,Sangat menbantu
716,Juditalves Fernandes,5,2024-07-12 10:57:42,tolong berpaik sekarang
717,Nur Widiyanto,1,2024-07-12 10:53:25,"Lemot parah. Buat youtube dan lainya lancar giliran buat tok tok sendat"""
718,Ejha Miran,1,2024-07-12 07:46:35,Tiktok jelek masa gunakan suara inga bisa sih
719,Carlos Calopes,1,2024-07-12 07:25:06,Saya kasih rating satu karna kadang kita lagi asik nonton malah keluar sendiri
720,Jul Leha,5,2024-07-12 00:02:18,Aplikasi ini bagus kita bisa berpengalaman jadi tiktokres gitu
721,YvoX Ganza,4,2024-07-11 22:30:21,Bagus sekali
722,Aldo Lopes,5,2024-07-11 20:15:39,Sangat bagus sekali
723,wildan jw,1,2024-07-11 17:33:10,Up
724,Mat Jahri,5,2024-07-10 23:45:56,Selalu sukses
725,Yossi 666,5,2024-07-10 14:29:29,Tiktok keren i love tiktok
726,Tetin Tetin,5,2024-07-09 21:29:29,Teni
727,Eugenio Ximenes,5,2024-07-09 21:24:21,Aplikasinya bagus banget
728,Nakroma Rk,5,2024-07-09 18:11:48,Terima kasih
729,Ø±Ø§ÙˆÙŠÙ‡ Ø§Ù†Ø¯ÙˆÙ†ÙŠØ³ÙŠØ§,5,2024-07-09 15:05:51,Bagusss bngggga
730,Paolo Rossy,5,2024-07-09 07:43:46,Nice
731,Razu Bellany,3,2024-07-09 06:01:30,"Pihak tiktok kami sangat berterima kasih atas apknya, sangat keren, namun kami mohon penyematan vidio yg sekrng cuman 3 kalau boleh di tambahin 10 atau lebih,"
732,Awaludin Awaludin,5,2024-07-09 00:35:32,Bagus
733,Alrais Agam,1,2024-07-08 22:21:34,Kenapa aku ku di blokir padahal saya tidak melakukan kesalahan apapun jadi saya ingin akun saya kembali makasihğŸ™
734,Dion,5,2024-07-08 18:55:48,Aku sangat senang ada tik tok
735,Mento,5,2024-07-08 15:05:29,I love you
736,Eugenio Ximenes,5,2024-07-08 11:51:21,Aplikasi nya bagus
737,Kevin Belo,1,2024-07-08 11:09:25,Aku suda taru di ankal lahir tapi ta berhasil
738,Antao Freitas,4,2024-07-08 08:50:54,Daya kasi Bintang karena tiktok ini Sangat bagus...
739,Rizal Afrizal,5,2024-07-08 04:11:50,Semakin didepan
740,Putry Hamzah,5,2024-07-08 04:03:34,Aplikasi Yg sangat membantuku Untuk do media sosial
741,Yono clp,2,2024-07-08 01:55:37,Kl gk ngelag ksih bintang 5
742,Abendy Soarez,5,2024-07-07 18:58:10,Wah! Keren
743,Agustino 77,1,2024-07-07 18:29:30,Afi
744,Lucas Abay,5,2024-07-07 07:43:16,Wha tiktok sagat keren. Degan tiktok aku bisa menliha apaun yan aku tida menlihatnya
745,Kusa Selan,5,2024-07-06 22:52:12,Mr kus153
746,Defresan Freitas,3,2024-07-06 20:15:22,Banyak sekali tidak bagus
747,Danger Khan,5,2024-07-06 20:07:50,Salaman Sggh
748,Anisa Imam,5,2024-07-06 19:25:07,Hihihi
749,renaldi kemon,5,2024-07-06 18:39:30,Bagus
750,Muhammad Nabil,5,2024-07-06 17:44:24,Yyah memang bagus aplikasinya
751,Basir Putra,5,2024-07-06 08:53:28,Menyanyi Dangdut
752,Akun Realme,5,2024-07-05 22:09:09,Tiktok membuat ku nyaman ğŸ˜Š
753,JTL Doha,5,2024-07-05 21:17:38,Good application
754,Hi Hii,5,2024-07-05 17:35:18,Sangat bagus
755,anggo juliandes,5,2024-07-05 15:07:25,Menarik
756,SULAR â€œSERRAQUEYâ€ FRETILIN,5,2024-07-05 12:50:42,ğŸ¥°ğŸ¥°ğŸ¥°ğŸ¥°ğŸ¥°ğŸ¥°ğŸ¥°ğŸ¥°ğŸ¥°ğŸ¥°ğŸ¥°ğŸ¥°ğŸ¥°ğŸ¥°ğŸ¥°ğŸ¥°ğŸ¥°
757,Jiro Petarukan,5,2024-07-05 09:32:32,Mantap
758,Fhfyf Fhfutir,5,2024-07-05 07:10:14,ÙˆØ§Ø´ Ø®Ø¨Ø§Ø±ÙƒÙ…
759,danny beruang,5,2024-07-05 06:42:48,Mantap buat main berbelanja dan cari teman
760,Ibrahim Bin Salim,1,2024-07-05 05:34:37,Ini kenapa kayak gini tik tok nya tuh koh download nya udah ngk bisa nih gimana caranya untuk bisa download bisa lagi?????
761,fin Junior,5,2024-07-04 19:11:53,Bagus
762,Ednha Araujo,5,2024-07-04 19:03:15,oahh keren apakğŸ’™âœ¨
763,nawang wulan,3,2024-07-04 17:07:49,"Di tiktok juga bisa mendapatkan jodoh,ğŸ¥°ğŸ¥°ğŸ¥°"
764,Kanamo Noray,5,2024-07-04 14:04:57,Bagus
765,Pahrudin Thalalina,4,2024-07-04 05:17:32,4bintang
766,Oppo,3,2024-07-04 01:24:42,Berat
767,Jesnio Qhalel,5,2024-07-03 20:30:31,ğŸ’™
768,Yudi Purwanto,5,2024-07-03 17:22:46,Bagus
769,Ita cantik,1,2024-07-03 16:00:39,Eror terus menerus. Membusankan ğŸ¥º
770,Roobi Rak,5,2024-07-03 11:02:15,Good
771,Antoninho Santos,5,2024-07-03 09:34:59,Aplikasi ida nee diak tebes
772,Soares Antoninho,5,2024-07-03 00:32:17,Bagus
773,Sivania Dacruz,5,2024-07-02 23:16:28,jolynu
774,Esterlita Maria Guterres,5,2024-07-02 17:08:14,ğŸ˜
775,Anisa Lestari,5,2024-07-02 14:59:57,Bgus sekali
776,Fortunato Alves,3,2024-07-02 08:26:23,@EllAlves
777,Erpan Wah,5,2024-07-02 04:45:22,Aku tidak berharap ada aplikasi seperti ini
778,Andy Jupe,4,2024-07-01 03:35:22,ğŸ¥°ğŸ¥°ğŸ¥°ğŸ¥°ğŸ¥°ğŸ¥°
779,Adna sevastra,5,2024-06-30 22:02:15,Gua pengen komen foto tak kasih bintang 5
780,Sukma Whaty123,5,2024-06-30 20:32:09,Good
781,Adaon Baltazar,5,2024-06-30 17:31:41,Aplikasi ini sangat bagus dan saya menikmatinya â­â­â­â­â­
782,Zelita Da Costa,5,2024-06-30 15:09:12,Mau Main Tiktok
783,Jefri Trayanto,5,2024-06-30 14:00:02,Hanya ada 1 minus yaitu koin ku sedikit
784,Bismo Yunanda,5,2024-06-30 09:28:35,Bisa menjadi viral aku menyukai tiktok terimakasihğŸ™
785,Tri Lasih,5,2024-06-29 20:38:32,Sangat bagus
786,Ra Queen,5,2024-06-29 19:16:04,funny
787,Jualino De Araujo,5,2024-06-29 17:40:13,Aku banga dengan tiktok
788,Bob Wintle,5,2024-06-29 11:49:07,Bagus
789,Nury Ardita,5,2024-06-29 10:29:19,â™¥ï¸â™¥ï¸â™¥ï¸â™¥ï¸â™¥ï¸
790,Ajita Moniz De Araujo,5,2024-06-29 09:46:30,Ajita Nihaa
791,Sunariya Jaen,5,2024-06-29 05:12:34,Tiktok nya sngt bgus dn sngt mnghibur bisa memperbanyak teman dn bisa mnghasilkn cuan
792,Widia wulan dari Muzammil,5,2024-06-28 22:16:10,bagus bnget
793,Li Pong123,5,2024-06-28 22:06:06,Bagus
794,Muhammad Taufiq,5,2024-06-28 21:28:24,Bagus untuk hiburan .
795,Dwi Purwanto,5,2024-06-28 18:45:04,Good
796,Ahmat yadi,5,2024-06-28 17:30:13,Tolong tik tok ny di perbaiki lgi baru daonlod uda di apdet lgi cpe unistal mulu
797,Ø¬Ø§ÙˆÛŒØ¯ Ø¬Ù„Ø§ÙˆØ·Ù†,5,2024-06-28 16:16:17,Ø¹Ø§Ù„ÛŒ ØªÛŒÚ© ØªØ§Ú©
798,Aity Hi,5,2024-06-28 08:27:37,Asalmu aikum kepada asisten tik tok tolong akun tiktok saya di normal kan lagi seperti semula terima kasih atas tanggapan nya
799,masrawi markawi,5,2024-06-28 00:53:38,Super angkut
800,Mas Mamat,5,2024-06-27 22:44:27,Sangat bagus
801,Gsdtttg Gddfg,5,2024-06-27 20:55:10,Anmmo
802,Bang Jeri,3,2024-06-27 18:25:03,Bagus ğŸ‘ğŸ‘
803,Suriani Ani,5,2024-06-27 18:19:35,Sangat bagus untuk komunikasi
804,Araujo Sarmento,2,2024-06-27 16:56:46,"Aplikasi tiktok sangat bagus bermanfaat bagi saya dan membuat saya bertemu banyak teman dan membuat saya hilang kan bosan, dan kalo beruntung bisa mendapatkan cuan"
805,Lathuf Ain,5,2024-06-27 15:56:17,@ultramen-607 @ultramen-607 @ultramen-607
806,Julio Marques,5,2024-06-27 09:47:19,Suka banget
807,cristovaoadino dossantos,5,2024-06-27 08:55:18,Good App
808,ØªÙ‰ÙŠ ØªÙ„Ø¨,2,2024-06-27 03:48:09,Yayah anak banten8 sahriyah
809,cindy lee,1,2024-06-26 22:40:39,jelek seharusnya beri konten bermanfaat untuk anak kecil
810,Abrao lopes Pacheco,5,2024-06-26 20:40:24,Saya kasih bintang5
811,Ferdy Ceo,5,2024-06-26 17:23:13,Tolon tik tok nya kasih fyp video saya dong ğŸ™
812,Safa Safa,5,2024-06-26 11:17:50,Tiktok adalah yg terbaik
813,rafliy aminudin,2,2024-06-25 22:17:48,Tik tok ini sangat bagus.. tp bikin saya kesulitan GK bisa top ap
814,Nursing Sing,5,2024-06-25 12:57:12,Bagus
815,Lisna Alicia,5,2024-06-25 06:43:53,"Sangat bagus ,menghibur,dan menguntungkan"
816,Kada Kiyada,4,2024-06-25 06:31:15,Ø®Ù„Ø§Øµ
817,Vhina Riyes,3,2024-06-24 23:45:15,Lumayan
818,Moleanan Gaul,5,2024-06-24 18:53:31,Baik sekali
819,Febrianto Lau,4,2024-06-24 18:04:04,Aplikasinya bagus
820,Nova Nabila,1,2024-06-23 23:48:54,Point reward tidak sesuai dengan deskripsi
821,Neneng Fatimah,5,2024-06-23 23:15:13,Bagus
822,NURMA SYG AZIZA,5,2024-06-23 21:55:13,Good
823,Ason Wilson,5,2024-06-23 20:49:54,Aplikasi nya sangat bagus dan mempelajari dan hiburan
824,gojali 954,5,2024-06-23 19:09:11,akuzdangdut6 yang itu
825,HQ MNM (Nurul muhlisa),5,2024-06-23 12:57:54,SUMPAH TIKTOK INI BAGUS BANGET BAGUS COCOK UNTUK ORANG YANG GABUT DLL DAN BANYAK BANGET KEGUNAAN NYA MAKASIH TIKTOKâ¤â¤ğŸ˜ğŸ˜
826,angelita noronha,5,2024-06-23 11:38:17,Saya suka tik tok sangat bagus
827,Hayat Yy,5,2024-06-22 21:22:18,www com
828,Ani Nur,5,2024-06-22 18:37:39,Good
829,Diah Mau,1,2024-06-22 11:09:58,Sya si blm main masih download lama banget sihhh download nya
830,Ojang Nazmi Alam,1,2024-06-22 06:21:35,Tiktok ini aneh dikit dikit di ban dikit dikit pedoman komunitas padahal ori
831,Olivio Timor,1,2024-06-22 05:47:22,pelangaran dari tiktok ngak jelas banggat
832,Agustinho elu,5,2024-06-21 23:12:32,Tik tok ini Bagus banget sumpah ğŸ¥°
833,Fotema Khatun,4,2024-06-21 20:22:04,good
834,Rogerio Ximenes,5,2024-06-21 20:19:43,Sangat asik
835,Iis Emen,5,2024-06-21 19:31:53,Tiktok yah sangat bagus dan epek yah juga bagus banget
836,Alyche maia,1,2024-06-21 17:40:38,Saya kasih bintangÂ¹ doang soalnya saya Download aplikasi ini akun saya Diblokir terus??..Â¿
837,Nova Haidi,5,2024-06-21 07:12:22,Good
838,Sibli z,5,2024-06-21 06:18:41,pas
839,Valentino Ornai Neto,5,2024-06-20 07:52:39,Sangat menginspirasi sekali Baniak Inpirasi dari Baniak Video di Tiktok
840,Deolinda Freitas alves,5,2024-06-19 21:25:59,Sangat baik
841,Md Juwel,1,2024-06-19 20:11:24,à¦¬à¦¹à¦ªà¦“ à¦¿à¦¤à¦œà¦¤à¦•
842,Ato Pereira,5,2024-06-19 20:08:22,"Sangat membantu menghibur diri sendiri, dan orang lain saling mengenal satu sama lain"
843,Hilman Lupus,5,2024-06-19 04:14:11,Ok
844,Catarina Pinto,5,2024-06-18 22:44:54,Bagus
845,Yanty Ar,5,2024-06-18 09:35:01,Hey tik tok disini saya tidak bisa login karna saya Lapa kata Sandi atau nomor tidak aktif mohon bantu agar saya bisa resep Sandi baru
846,anjay ajay,1,2024-06-17 22:51:36,akun gw keblokir malah ga bisa login tiktok pdhl udh ganti akun sama restat hp.... apk taekk
847,Nisa Assegaf,5,2024-06-17 22:16:58,Makasih app krna app tiktok bisa memperluas silaturahmi kami bgitu banyak pengalaman yg kami dpatkn melalui app tiktok.sagat terhibur dan mengesan kn
848,Ronald Onai,5,2024-06-17 19:48:14,Wow.. Keren dan eksklusif..
849,Constantino Fernandes Belo,5,2024-06-17 19:31:32,Aplikasi ini sangat bagus
850,Bee Cr7,5,2024-06-17 19:19:01,You are looking Kwan Adsit untuk mendapatkan uang dengan nominal yang memiliki aku tidak â¤ï¸â¤ï¸â¤ï¸
851,Natalia Lucio Ximenes,5,2024-06-17 18:29:09,ğŸ˜Š
852,Adzkia Lucuxx,5,2024-06-17 14:55:09,Mantap
853,Xisto Ximenes,5,2024-06-17 13:44:23,Bagus sekali
854,Helyana Yana,5,2024-06-17 12:51:54,Tiktok ini seru aku suka main hp seru banget dan banyak hiburan nya sama ada lelucon aku Senang bangetğŸ¥°ğŸ¥°ğŸ¥°ğŸ¥°ğŸ˜ŠğŸ˜ŠğŸ˜ŠğŸ˜
855,Lucky Wong,5,2024-06-17 07:50:22,Kenapa saya tidak bisa masuk atau buka aplikasi ini lagi
856,Mus Muliadi,5,2024-06-17 07:13:32,Ok
857,Andi Cabral,5,2024-06-17 01:22:17,Mantap
858,Habibzein Alhadad,4,2024-06-16 16:41:09,Keren
859,Costa xbm,5,2024-06-15 18:38:38,Bagus...
860,Galang Junior,5,2024-06-15 14:03:57,Mantap
861,Ardi Gendut,1,2024-06-15 09:14:24,Jelek...masa tiba tiba gua di banned
862,Fahri Fahri,5,2024-06-14 23:06:10,"Aplikasi nya sangat membantu bisa mencari hiburan, pembelajaran dan menghilankan bosan"
863,Novita Sakira,5,2024-06-14 22:43:23,Good app
864,Marino Seraos,5,2024-06-14 19:57:52,Bang Rinho
865,Risonha Xavier Canelas,5,2024-06-14 18:15:30,Bagus'
866,Siti siah Siah,5,2024-06-14 11:49:07,senang beremain tiktok
867,Luzain Aajzahra,2,2024-06-14 08:38:59,Tiktok knp ini wei
868,Dhian Tho,5,2024-06-14 02:51:31,Good
869,Lasminitisan,5,2024-06-13 16:20:32,Suka sekali sangat terhibur
870,sumiati berkahkomputer,5,2024-06-13 13:31:48,Semua nya download
871,Juvencio Menezes,5,2024-06-13 11:32:05,mantap men
872,Edio Rlx,5,2024-06-13 09:50:12,M a n t a p
873,Je Mar,5,2024-06-12 21:10:18,Ok.
874,Saturlino Silva,3,2024-06-12 20:08:12,Baik.
875,Sumaralfa,5,2024-06-12 19:13:55,TikTok memang luar biasa
876,Fauziyah Sstaf,5,2024-06-12 18:33:28,Apk ny bagus TPI knpa akun aku kena bend permanen ..salah ny di mana
877,Vetania Soares,5,2024-06-12 16:44:40,Gue mau di add to cart baju pesta muslim yang akan datang di gunakan sebagai masker dan asam lemak tak apa Mai tna ga bisa di bilang di download disini dengan harga terjangkau dan asam lemak tak apa lah ya gan di Indonesia yang telah ditentukan oleh karena itu juga dan ga ada yg tau kenapa aku bisa melihat dan mendengar suara orang bisa di bilang anak kecil itu ga lae nyadar kalau ada yg bisa tidur karena itu adalah hal utama di gunakan oleh parameter yang telah disatukan dengan harga murah grat
878,Ama Chris,5,2024-06-12 12:05:03,Saya mengalami kesulitan masuk ke akun saya sendiri
879,wisnu aji saputra,4,2024-06-12 12:02:25,lumayan y trus b j
880,Azio Perreira,5,2024-06-11 21:33:06,Good
881,Azizah Azizah,4,2024-06-11 21:01:31,Bagus aplikasinya
882,Nelson Gomes,1,2024-06-11 19:11:54,Aplikasi ini saya tidak bisah Download
883,Revanildo Revenildo,5,2024-06-11 18:35:22,lelis 22
884,Sumiyati Smart,5,2024-06-11 12:49:37,Excellent service I love â¤ ğŸ’– â£ ğŸ’• â¤
885,Agostinho Lemos,3,2024-06-11 10:44:33,sat saya membuka aplikasi ini saya gabisa daftar tapi masih sedikit keren bisa offline
886,Placido Luis,5,2024-06-10 20:16:01,Good
887,Gede Jaya58,5,2024-06-10 18:41:11,Senang
888,nantoso Nanto,5,2024-06-10 17:02:09,is the best
889,Monteiro Laby,5,2024-06-10 16:53:10,Tiktok selalu dihati
890,Ogi Salma,5,2024-06-10 16:15:27,Bagus bgt
891,Md Shahidul,3,2024-06-10 15:47:29,SADIA AKTAR
892,Mizyo Carvalho,5,2024-06-10 15:40:29,Saya suka
893,Keyla septiyani,5,2024-06-10 11:33:07,Hah saya menyukai aplikasi ini sangat cocok dengan aku
894,DN Aryanto,5,2024-06-10 04:08:44,Bagus untuk buat hiburan dan cari teman
895,zrferino verdial,5,2024-06-09 20:53:54,Baik
896,Dea Cmc,5,2024-06-09 20:14:22,Bagus sekali
897,Itho Oliveira,5,2024-06-09 15:05:11,Bagusss bangat......
898,Clementino Borges de Jesus,5,2024-06-09 10:09:04,ğŸ‘
899,Bella Greco,5,2024-06-09 07:30:56,I love this app it teaches people new things
900,Fitrianii agustin,5,2024-06-09 06:46:12,Menghibur
901,Mardi Jumarding,5,2024-06-09 04:49:40,Sangat bagus
902,Gtye Eysy,5,2024-06-09 03:17:50,Tiktok keren ğŸ¥°ğŸ¥°ğŸ¥°
903,Irfan Silva06,4,2024-06-08 22:59:08,Irfansilva
904,Sri Sulyati,5,2024-06-08 18:29:58,Pokonya seru deh
905,DOEL_ BG,4,2024-06-08 16:03:54,Mantaf
906,estefanya Vegas,5,2024-06-08 13:16:07,Bagus âœ¨
907,Zimzz Fyrstel,5,2024-06-08 11:51:25,Fitur foto kerenğŸ‘
908,fatima Belo,5,2024-06-08 10:16:19,bagus
909,Nayaka Daffa,2,2024-06-08 09:21:48,kenapa gk semua server bisa komen foto sihğŸ˜¡
910,Linda Widia,5,2024-06-08 01:59:23,Aplikasi ini bagus
911,Merlinus Linus,4,2024-06-07 09:55:48,Video yang menarik dari lucu berbagai video aku termotivasi dengan video yang baik
912,Anio Bidau,5,2024-06-07 06:46:15,Terbaik aku suka sekali aplikasinya
913,RoMeo R.97,5,2024-06-06 20:27:56,Bagus
914,endang supriatna,5,2024-06-06 19:00:30,sangat terhibur
915,Keanu Rasya Ristanto,3,2024-06-06 18:10:23,Bikin komen foto tapi gak permanen dan ada akun orang
916,Inha Barros,5,2024-06-06 06:45:49,"Saya suka banget sama aplikasi ini , Aku bisa punya teman banyak di tiktok"
917,hErlaYla MouSaCo,3,2024-06-06 05:44:58,aplikasi nya si udah bagus tapi saat aku mau kirim malah waktu nya itu malah mondar mandir 10 naik ke 11 lalu turun lagi ke 10 pusin aku mah ğŸ˜¡ğŸ˜¡ğŸ˜¡ğŸ˜¡ğŸ˜¡ğŸ˜¡ğŸ˜¡ kenapasi
918,K. Doni,1,2024-06-06 00:48:50,bad
919,Bang Bang,1,2024-06-05 21:37:17,Flinton Germanu
920,Kalinda Atika,5,2024-06-05 16:14:47,Sangat menghibur
921,Seven Rainain,5,2024-06-05 13:19:26,Sangat Bagus ğŸ¤œğŸ»ğŸ¤›ğŸ»â¤ï¸â€ğŸ”¥ğŸ’¯ğŸ˜ğŸ«¶ğŸ»
922,DODO VENILALE,5,2024-06-05 12:59:02,Doger
923,maya,3,2024-06-04 22:25:11,Sekarang GK seperti dulu sih
924,Fattan Khansann,5,2024-06-04 21:22:25,BAGUSSSSSSÃŸSSSSSSSSSSSSSSSSSSS
925,Neng May,4,2024-06-04 16:18:50,Kok ga bisa kebika apk ini
926,Efijenia Dejesus,5,2024-06-04 13:59:47,Bagus kali ini
927,Sahri,4,2024-06-04 13:57:14,Ku lm sih instal inya ğŸ¤”ğŸ¤”
928,Melani Oktaviani,2,2024-06-04 13:13:19,"Kenapa tiktok sekarang jelek ya akun saya tiba tiba keluar dan diminta kata sandi,"
929,Nogueira Da silva,5,2024-06-04 05:46:34,Saia suka aplikasi tiktok
930,Rohail Khan,5,2024-06-03 21:47:26,#holly la vida en
931,Zuhri Juliardi,5,2024-06-03 15:06:56,"Aplikasinya bagus,,dan sanggat mudah untuk digunakan"
932,Jedu Costa,1,2024-06-03 13:47:38,Edu 027
933,Beny Exposto,5,2024-06-03 08:37:25,"Sangat baik, Saya suka dengat apk ini"
934,LeoNardo Arouju,4,2024-06-03 05:28:14,Menyala
935,Arip Bh,4,2024-06-03 03:06:15,Minta buka pidio tiktokania
936,Oppo Hai,2,2024-06-03 00:44:05,Kamera tik tok suka ilang
937,Axial Hunter,2,2024-06-02 22:39:32,Ngelag...udah itu aja
938,Leonito Da costa,5,2024-06-02 15:55:16,Keren
939,Suri ana,1,2024-06-02 15:36:31,Makin hari makin sakit hati ini sama TIKTOK ngk kayak biasa sinyal nya bagus ini semakin di update makin gergetan ğŸ˜ˆ
940,Bi zel,2,2024-06-02 14:39:46,Apk ini baik karena bisa memberi hiburan untuk kitağŸ˜˜
941,David Falentino,5,2024-06-02 11:56:31,Kerena suka ahah
942,Arraffa Nia,4,2024-06-02 10:59:25,plesee tiktok shop ya ganti yg indonesia
943,Oman,5,2024-06-02 09:17:54,Oky
944,Marcelino Amaral,5,2024-06-02 04:52:29,Rey-2006ğŸŠ
945,Hayati Hayati,2,2024-06-02 03:56:12,Saya kasih bintang 3 dulu ya
946,Sholeh Muharam,5,2024-06-02 00:43:49,"Semoga tambah bagus vitur"" tiktok"
947,Khalysta samsung,1,2024-06-01 23:54:02,"Apalah tik tok nih dikit"" hapus dikit"" hapus cmn blg ""tinggi ku 162"" di komen di hapus bikin video di hapus gajelas sok ketat panduan komunitas apalah gajelas bgt bikin org emosi aja udh cape ngedit video trus di hps sma tik tok"
948,Hake Hub,5,2024-06-01 21:41:37,Knp di saya kagak ada fto yg bisa di geser
949,Betu Sylva,5,2024-06-01 20:45:28,Saya suka
950,Hafsah Moh,5,2024-06-01 20:32:56,Ok
951,Gendhut Ryd New,5,2024-06-01 18:31:24,Mantab
952,Noel Nandes,5,2024-06-01 14:43:31,bagus
953,BaÃ¬zid Ali,3,2024-06-01 11:59:41,3 m8 n?Ã±omÄ·kkkkkÄ·kmm
954,Zainurisudali Zainurisudali,1,2024-06-01 11:57:40,"Akun lama saya hilang, Saya sudah lihat caranya di youtube, tik tok tetap gak bisa"
955,Abdulrahman YAHYA,5,2024-06-01 00:16:44,Lelet bnget
956,Mbhek Genk,1,2024-05-31 21:49:40,Mulai ditinggal pengguna
957,Zahira Lestari,5,2024-05-31 14:28:23,Love
958,amamiya kyoudai,5,2024-05-31 04:09:24,goodğŸ˜
959,Dira Rindiantika,5,2024-05-31 00:50:46,Good
960,Anton Gomes,5,2024-05-30 21:16:37,Bagus banyak teman
961,Yance Lai,3,2024-05-30 20:57:47,Sangat baguss
962,Rizal Ajja,5,2024-05-30 20:24:48,Keren banget
963,Riz SEtarboy,5,2024-05-30 10:53:16,Saya uciha aplikasi ini sangat cocok untuk tobrut
964,fernanda dejesus,5,2024-05-30 08:06:37,Saya sangat suka tiktok. Karna kita bisa bikin live. Kita bisa buat konten ğŸ˜¬ğŸ˜
965,gomes Bere lori,5,2024-05-30 06:04:26,apliksi nya menghibur aku suka bngt tapi knp akun aku tiba tiba di blokir sama tiktokğŸ˜”ğŸ˜”ğŸ˜”ğŸ˜”ğŸ˜”ğŸ˜”ğŸ˜”ğŸ˜”ğŸ˜”ğŸ˜”ğŸ˜”ğŸ˜”
966,Asad Sadat,5,2024-05-29 15:07:58,Ø¹Ø§Ù„ÛŒ Ø§Ø³
967,Chris Baker,4,2024-05-29 08:05:21,BAGUS BGTTTT
968,Anisa Suryana,4,2024-05-28 23:43:45,Mantaaf
969,Rainhapinto05,2,2024-05-28 22:52:37,aplikasi nya bagus sihh tapi buat simpan vidie ko susah
970,Hera Wati,5,2024-05-28 20:54:41,sangat bagus
971,Yulita 78,5,2024-05-28 19:34:55,Jelek
972,Hermina Sedhi,5,2024-05-28 18:31:31,Keren
973,Floriana Maria pirez,5,2024-05-28 18:29:04,Tiktok nya bagus tapi lama padahal ga macet jaringan nyağŸ™„
974,Andria Setiajaya,1,2024-05-28 17:25:21,"Gagara tiktok live banyak yg selingkuh,,"
975,Etelvina da Cruz,4,2024-05-28 15:21:29,Karena saya bisa belajar tentang apa itu tiktok
976,Jofilson Correa,5,2024-05-28 13:06:02,Saya tidak ada komen semuanya just perfect
977,Natalino De jesus,5,2024-05-28 10:04:38,Tolong tambakan lokasi Nia
978,HusenAlMastrip 081934686132,5,2024-05-28 04:24:13,Buat hiburan
979,Sana Sadat,5,2024-05-28 01:27:42,Ø¹Ø§Ù„ÛŒ Ø§Ø³
980,Kayla Azahra,5,2024-05-27 20:38:41,Sangat bagus
981,Dadang Tea,5,2024-05-27 15:46:25,tik tok
982,Eti Roh,5,2024-05-27 12:56:32,all ini bagus
983,Farjana Amin,5,2024-05-26 18:09:16,Mimfarjana
984,Molia Yama,5,2024-05-26 17:10:28,Wow keren
985,Mutiara Salsabila,5,2024-05-26 11:10:25,Menyala abang kuhhhhğŸ”¥ğŸ”¥ğŸ”¥
986,iis official,5,2024-05-26 09:37:05,ga bisa live komal rugi banget sumpah tolong dong perbaiki tiktok buat yg di negaraku sekarang kalo tiktok bikin nyaman kami jg semakin senang dan gakan sungkan terus mensuport nya
987,Hendra Permana,5,2024-05-26 09:24:42,Aku suka sama tiktokğŸ˜ğŸ˜ğŸ˜ğŸ˜†
988,Halokontol,1,2024-05-25 21:30:22,Konten motor di banned konten cewe goyang hot di biarin awokawokk
989,elinda fitri,3,2024-05-25 11:12:18,Kenapa baru download akun dibatasi ğŸ¤¦ğŸ¤¦koinNya gak bisa di tarik
990,taleem khan,5,2024-05-25 02:13:12,mkhan
991,Roblox Angel,1,2024-05-25 01:11:04,"In this application, it seems like people's comments are very sensitive and toxic It's as if it was just left without being followed up... A small example of quarrels between races, ethnicities, differences between countries and even religions has become a joke... not only that, some accounts that have vulgar photo profiles are also not followed up..Please TikTok to tighten the image word filter in the application for the sake of morals, order and harmony between communities ğŸ™ğŸ¼ğŸ™ğŸ¼"
992,Izzaku,1,2024-05-24 20:31:30,Kenapa setiap aku komen selalu hilang???? Sampai kapan komentarku dihilangin???
993,Etha Perreira,5,2024-05-24 18:59:41,Bagusss
994,Aldjirasulastrimissa,5,2024-05-24 18:21:17,â™¥ï¸
995,Ersyuassis Didi,5,2024-05-24 17:14:41,Aplikasaun ne'e di'ak tamba bele hodi buka osan
996,Elly Matos,3,2024-05-24 12:48:32,ğŸ˜­
997,Asep Waellah,5,2024-05-24 04:30:02,Keren
998,Gabut Akun,1,2024-05-24 00:50:52,Akun saya di blok tampa sebat nama tiktok ku Sapa__111
999,Radia Ksa,5,2024-05-24 00:50:46,Shukran
