text,sentiment
oke,Positif
i love lu tiktok runtut api mati,Positif
kadang tiktok shopee kadang download kali,Positif
bug min tolong bagus min fitur fitur ya,Positif
aplikasi,Negative
tiktok ahirahir knapa buka mohon jelas,Positif
tiktok sih ngebug suka kayak,Negative
tiktok enak tonton ya vidio enak,Negative
bug,Negative
buka stuck logo tiktok simpan sinyal aman jaya,Positif
bintang akun blokir tiktok,Negative
kadang uninstall mulu,Positif
kena batas umur,Negative
hapus hapus,Negative
akun kirim pesan usia,Positif
tiktoknya bagus banget perlu hari,Positif
aplikasi ya seru,Positif
aplikasi bagus scroll mentok,Negative
bagus tik tok tarik keren,Positif
tiktok tau rumahh,Negative
suka aplikasi,Negative
bagus banget,Positif
bagus bangetteee,Negative
bagus,Positif
tiktok akun blokir alas coba akun dispam tulis akun blokir langgar pandu komunitas langgar pandu komunitas tiktok tolong bantu,Negative
selektif ingat batas live kadang batas parah,Negative
apk bug buka bikin hp lot,Negative
not bad,Negative
bagu trend patah patah,Negative
apa posting komentar kena pelanggarran gilirran konten vulgar bebas baned aneh,Negative
suka sih akun ku kena langgar,Negative
aplikasi tik tok ku buka ya,Positif
bagus sih bagus semenjak update baru tiktok eneh suka ngelag buka kayak bikin hp ngelek tolong admin tiktok aplikasi ya benerin,Negative
suka banget aplikasix,Positif
maaf kasih bintang pas live kena plpelanggaran tolong ya nama akun gitakiyowoooooo,Positif
tiktok sih live nge lag tanda online ya ilangg plisslahhh,Positif
suka aplikasi sengg,Negative
bugsama tolong ukur apknya kecilin,Positif
tik tok sih kali buka cuman logo tik tok buka video kali download hasil kecewa banget aplikasi,Positif
aplikasi ya bug uninstall download ulang bagus masalh,Positif
suka aplikasi ya kadang buka,Positif
itumah masuk hpnya goblog,Negative
pas maubuka apk buka tolong admin tiktok baik,Positif
akun ku dua kena blokir aneh truss nge bug pakai tonton wifi lancar jaring kuota bagus,Negative
aplikasi hibur,Negative
aplikasi nge bug kadang lot,Negative
seruh,Negative
cuih bug nya kesal,Negative
bagus banget pliss,Positif
buka habis ufdet kecewa,Negative
tolong kurang bug ya tiktok hp suka ngelag setel ulang baprik gara tiktok,Negative
ya susah buka,Negative
tiktok sih mainin aplikasi ya download hapus download loh guna ya dasar aplikasi jelek,Negative
bagus banget cari pengin ayah maksud saputra ketemu suka banget deh,Positif
tiktok min nglek scroll patah,Negative
keren,Negative
aplikasi bagus,Negative
aplikasi jelek masuk lolanya ampun tampil suara layar hitam hpku ngeblank buka tiktok heran sih asa fine fine tolong admin baik ya,Negative
apk ya update lagu tiktok disave muncul hilang,Positif
sagat bagus senang,Positif
kenapagabisa simpan postingg dluuu,Negative
lag,Positif
tolong bantu tonton anak anak dengar anak anak sesuai usia ya gambar kartun suara isi asa hubung gana tolong bantu koreksi,Negative
bikin niat sih bug malas gue,Negative
bagus pasuk,Negative
bagus,Negative
baguskurang bagusbanyak ya tipu aplikasi,Negative
aprikasina tiktok ngoloding masuk tiktok,Negative
bagus sih potodividio simpan ya pas kemarin hilang,Positif
tiktok ilmu alam,Positif
enak tonton,Negative
game kuntul,Positif
suka orang orang coba aplikasi bagus,Negative
foto tiktok pokok ya tiktok bagus deh tiktok baik,Positif
hibur good luck good job sukses ya tiktok ku sayang,Positif
apk bikin streak udsh akun batas usia bilang duluuuuu,Negative
tik tok banget masuk ya,Positif
apk ya bagus,Positif
sih suka benci pas download seru,Positif
belanja mudah,Negative
sorry banget bug ya loh bikin geleng kepala rekomendasi pakai apk mending apk belah,Negative
manfaat,Positif
suka hapus akun orang umur ya,Positif
bisah buka buruk kali aplikasi,Negative
tolong tiktok ngebug stack logo masuk aplikasi,Negative
wkwkwk bagus banget,Positif
vt orang buram,Negative
bagus tonton cari lot,Negative
dibuaka ngbak gambar tiktok nya doang,Positif
dibukaharus hapus download ulangg,Negative
aplikasi tiktok keren,Negative
aplikasi suka lanjur suka snack video mufon tiktok main snack video deh maaf ya,Positif
buka tiktok ku,Negative
tik tok ter,Negative
tolong tiktokk streaknya idupin gue teman gue hidup hidup,Negative
kadang suma lot,Negative
martin marjinto,Negative
isi orang jual,Positif
aplikasi bahaya timbul sifat konsumerisme busuk otak turun cerdas manusia rusak otak aplikasi sampah kandang monyet penuh orang fomo,Negative
vt gua kgk buka min tulis langgar komunitas bingung gua tiktok,Negative
kolo bosan tonton tik tok seru banget loh kak ya main halanan bikin fidio seru banget kayak gana seru banget kenaoa ya seru bagusssssssss bangettttttttttttttttttttttttttttttttt,Positif
bagid,Negative
hibur sih seru,Negative
bagus tolong baik bug ya mendownload ulang stuck logo download ulang hp lot,Negative
bagus banget vidio arabic song suka banget baru ya,Positif
apkny bagus bug nya cik,Positif
i live,Positif
moga sukses kembang mudah hasil uang tiktok,Positif
bantu publik mersa bahagia berkraror,Positif
aplikasi bagus akun ratus kena banned senang,Negative
embun sari,Positif
woi ajg bug live cepat urus gangu aplikasi bunyi live,Positif
bukakalau buka mesti nyaalasan bug,Negative
bagus,Negative
be bagus men,Positif
apasiiiii iniiii tiktok jeles kemarin hilang live ku keranjang kuning,Negative
senang masuk tiktok kenal teman,Negative
aplikasi ya toko ya sih,Positif
sumpah kesel banget komentar takedown biar gue komen prestasi kocag ditakedown gue erti konsep lo tiktok nilai komentar komen negatif kagak hapus anjg blok,Negative
defloper bagus banget,Positif
bagus banget tiktok buka tiktok suka eror susah masuk moga baik ya ya download berkalikali tiktok ya eror,Positif
kembali postingg ulangg,Positif
mohon tiktok makan memory gb saran tolong baik,Positif
hadiah,Negative
bug jelek banget aplikasi mending tonton yt tiktok ngebug pas login habis pas scrol ngestuck kadang suara,Positif
suka aplikasi,Negative
aplikasi tiktok mesti uninstall install tiktok buka muncul logo tiktok ya saran dongsudah beulang kali jadi,Negative
tolong banget bug ya uninstall install always ngeleg bikin hp lot banget tolong banget tiktok baik bug ya apk bagus iya kualitas nya kg sih,Positif
aplikasi buka uninstall download keranjang belanja tanda belanja ya hilang tolong benerin,Negative
maaf bagus aplikasi buka,Negative
orang live scroll masuk tolong baik deh,Positif
pas buka apk ya macet,Positif
kecewa tiktok hp ram ya gb kadang suka eror,Positif
edi ediweredi,Positif
tolong mbak ya kurang ya,Positif
nya video ya seru bagus bagus banget,Positif
hibur,Positif
salamualaikum maaf gan aplikasih tik tok buka mohon bantuwanya trimakasih,Positif
aplikasi tiktok seru senang videovideo bagus asik tren keren tarik kontenkonten mukbang tarik perhati orang moga depan aplikasi tiktok populer,Positif
baik ya dihp buka donwload prna ngalamin pas download bsknya hapus download lagiaku dm ig dibales samsek login akun ditiktok baik ya,Positif
aplikasi buka,Negative
flowers hilang nickname ubah,Positif
tiktok jagan batas buru goody bag harta karun contoh aplikasi aplikasi belah harta karun batas hari mending tiada tolong perhati jagan limit abdate tiktok kacau,Negative
lumayan kerja,Positif
tiktoknya banyak baru fitur simpan tiktok hilang draft gua hilang balikinnn draft tiktok gua ilanggggggg,Negative
aplikasi ya seru aplikasi layar hitam logo tiktok doang tolong baik,Negative
benah ngeleg,Positif
apk bug pas buka,Positif
seru,Negative
manfaat,Positif
apk ya jelek banget dikit bug apk buka ngelag masuk tiktok cuman suara doang video foto hadehhhhhh,Negative
hibur cari,Negative
kocak ikut kagak live,Negative
bagus banget,Positif
aplikasi guna bagus,Negative
aplikasi baik,Negative
mudah pakai memposting video giat sekolah,Positif
ganti nama tiktok orang,Positif
tolong baik pesan afiliasi nge bug,Negative
ya akun tiktok langsung ubah loat orang live live,Positif
buka aplikasi,Negative
bagus ya,Positif
suka tiktok,Positif
mantap pokok,Positif
sendat audio,Negative
masuk susah download ulang,Negative
sumpah tiktok ngeled hp gue,Positif
assalamualaikumini tiktok ya update hari suka masuk masuk suka menginstal tiktok ya tolong baik,Positif
wow aplikasi bagus andah suka fidio suka fidio suka terima kasih aplikasi ya siyuuu,Negative
aplikasi bosan,Negative
bismillah moga downlod amin,Positif
aplikasi hp ngeheng ram tolong jaga kualitas aplikasi,Negative
lmyn bagus,Positif
bagus sih bagus,Negative
tolong min akun login pakai aplikasi kali hapus,Negative
good banget,Positif
kurang bug bug kak,Negative
tiktok ku fitur foto ya anjg,Positif
ya akun live game selulermohon bantu cepat tiktok lapor urus urussaya kasih bintang live gamenya kasih bintang,Positif
asik seru,Positif
sipppp,Negative
apl ya suka ngebug buka tonton bagus kendali minus suka ngebug layar hitam apl,Negative
bagus bantu hibur,Negative
bagus berat aplikasi ya,Positif
sulap,Negative
boros banget kuota,Negative
bagus,Negative
aplikasi download,Negative
buka aplikasi nya,Negative
bagus banget ya fitur edit slowmo patah patah,Positif
aplikasi bantu jual produkmenambah hasil dll,Positif
aplikasi lot,Negative
filter sulap tanda simpan gue hilang coo,Negative
seru konten,Positif
ispirasi orang,Negative
asyik nanti,Negative
suka banget aplikasi gabut rumah,Positif
maaf ya tiktok kasih bintang capek cari solusi atas aktifitas hadiah sedia,Positif
bagus,Positif
akun gue kg hilang,Positif
suruh uninstal aplikasi jembot,Negative
tiktok kadang buka tunggu masuk,Positif
aplikasi bagus banget,Negative
seruuuuuu libur motivasi,Positif
aplikasi bagus ya buka aplikasi ya minggu tolong baik,Negative
kasih bintang kali bikin teks keluar aplikasi tiktok harap depan,Negative
aplikasi ya bagus banget suka,Positif
aplikasi bug robot,Negative
jual ribu produk,Positif
cpttt banget aplkasi ya jelek banget blokir an ya jls tik tok jls banget sih bikin akun gue hilang,Positif
bagus kasih bintang,Negative
bagus aplikasi,Negative
tiktok ya bagus cod pils tolongin,Positif
mudah tambah wawas,Positif
akun diblock akun pakai akun google nge follow orang follow,Negative
anja main block acc seenaknua,Negative
update buka tik tok nya,Negative
bismillah gapai mimpi juta,Positif
download woi,Negative
tolong tiktok cari rekomendasi positif oke bug ya,Positif
bagus banget tonton cerita teman tatap muka,Positif
istal tik tok moga istal tik tok,Positif
jelekkkkkkkk download,Positif
bagus,Negative
hilang vitur langgan,Positif
bagus sih bagustapi ya orang orang live followerssedangkan followers live tiktok,Positif
download,Positif
hibur informasi,Positif
kirim pesan gara gara update upload video langgar komunitas apk adil,Negative
ya allah capek banget uninstall aplikasi download aplikasi sih pencet susah,Negative
bagus sih,Positif
aplikasi,Negative
bosan mnghbr,Negative
suka koin jadi uang,Positif
tiktok tida suwara,Negative
download buka,Positif
pakai tanggal lahir pas login pakai ktp gue umur ktp,Positif
sangatt keren,Negative
b kakak tiktok,Negative
aplikasi ya sbgt bagus,Positif
sealql wek,Positif
aplikasi bagusmemuaskan,Negative
suka ya rena kaya bikin tiktok,Positif
aduh aplikasi ya kesini bagus ngebug gakbisa buka stuck logo tiktok habis tuh gue uninstal gue download capek banget,Positif
hibur,Negative
bagus banget,Positif
seru,Negative
aplikasi cocok gbt,Negative
pakai xiao buka tiktok hang uninstall install hp kayak bzz,Negative
apklikasih jelek kali ya tolong baik masak login akun pas dibukak,Positif
bagus sih ngebug tolong baru biar ngebug,Positif
vduo,Positif
tag pacar kasih bintang,Negative
tingkat fitur ya,Positif
mantap oeoe,Positif
hot,Negative
aplikasi bagus,Negative
asih langgar,Negative
tiktok kesini jelek aplikasi,Negative
ah kesel banget kesini jelek update ya suka bug,Negative
parah buka apk stuck logo bis hp ngehankotomatis delete apkdownload hp normalkmdian pakai jam ngelagapa salah apk iniknp pikir mengalamai baik initrima kasih,Negative
jelek aplikasi ya eror,Negative
aplikasi ya lumayan bagus ya buka apk apk tiktok buka download ulang,Positif
tiktok ya bagus,Positif
download tiktok tolong ya tonton tiktok terimakasih,Positif
aplikasi buka,Negative
coba,Positif
balikin postingan ulang ku kemarin maksud ya coba inti ya balikin posting ulang ku,Positif
aplikasi tiktok buka tolong baik aplikasi ya,Negative
tiktokku kirim gambar pagi tiktok shop ku hilang nge live tolong tiktok balikin fiturnya butuh banget titkok shop kirim gambar plisssss,Positif
apalaaaaaaa tiktok buka terusharus hapus download ulang lagiicapee,Negative
buka,Negative
transaksi beli koint hasil saldo potong koin masuk,Positif
lu,Positif
instal ya,Positif
elainasan,Negative
apak ang,Positif
halo tau tiktoknya nge bug mohon baik buka tiktok hp mati trmksh,Negative
hibur,Positif
good joob titok indonesia,Positif
uptade ganti nama akun orang contoh akun oshi muthejkt,Positif
mending akun pakai blokir malu aib,Negative
sik bintang emat janji,Positif
burik,Positif
woi anjing anjing gue cuman komen kirim wa langgar sih,Negative
donlod,Positif
kadang susah buka,Negative
jujh,Negative
bantu live ditiktok,Positif
tonton seru bagus poto bikin minivolok bikin konten chat respon orang tonton video bikin vidio sabagai ya,Positif
senang manfaat,Positif
apk tolol,Negative
aplikasi kuota habis aneh diposting followtapii bagus terimakasih tiktok,Negative
coba ngelag logo ya malam download ulang benerin,Positif
anti lag,Negative
apa,Negative
mantap aplikasi baik,Positif
tahan,Negative
iyan iyan,Positif
mantap tiktok,Positif
aneh banget tiktok gilir sebar jahat biar korban kena langgar joget seksi jomok boleh,Negative
informasi,Negative
please tiktok glance againnnnnnn i need that feature,Negative
bagus fitur tb tb hilang bagus bagus jelek,Negative
fyp ulang ulang sih,Positif
aplikasi bagusdan murah banget penyimpananannya,Positif
mantap puas tiktok,Positif
riweh,Positif
ya tiktok hang bukad hapus download lagigtu truss,Positif
gampang lot hp ku kentang,Negative
bagus sih lihat vidio apa orang apload,Negative
bagus,Positif
buka uninstall sih,Negative
update lot ya masuk tiktok tunggu kadang tunggu mohon kapasitas ya kurang maka gb simpan pakai kecewa terkadang aplikasi hibur terkadang bawa dampak negatif viral tiktok kadang upload vidio kadang mikir bintang mohon baik,Positif
payah buka tiktok ya download hapus download hapus kali kali kayak malas,Negative
aneh vt kena pl video tahun bikin orang pusing tiktok,Negative
buka install ulang lawak aplikasi,Negative
bagus sih hibur,Positif
sih bug benerin pas pakai buka gimananih bug ya tolong baik,Positif
tik tok seru keren,Negative
bagus banget,Positif
akun gue nak ingat mulu weh,Positif
bagus kak gallak apdep kuat,Negative
video gue kena langgar mulu dasar padhal ngapload tipu rajalela,Negative
aplikasi nya bikin hp lot,Negative
jos,Positif
aplikasi eror,Negative
kenagan tiktok,Negative
bagus bagus ajasih,Negative
bagus meuhasilkan koin,Negative
ok banget pokok,Positif
mantap seru bahagia,Positif
bugg makinn banyaakk kesal banget sc tiktok hapus download suka pas buka tiktok cum akuncul logo doanggg hapus biar kayak,Negative
nih bug buka logo truss hpnya langsung lag parah bosenn mati daya,Positif
suka,Positif
wewe,Positif
sebab hp crashstuck logo,Positif
bagus bagus tahan,Positif
buka tiktok hp mati suka ngeleg mohon baru,Negative
apknya kayak,Negative
bug knt,Positif
siiiiiiip,Negative
goblokkkkkkk arep main tiktok ra,Positif
gampang lot susah buka,Negative
apk tiktok update bagus,Positif
keren sedikt vidio atas,Negative
tiktok download,Positif
promosi video eror rerus sih bayar,Negative
sih tiktok habis update buka aneh,Negative
bagus banget,Positif
apkk jelekk masuk nunggunya banget,Negative
error terus buka tiktok ganggu,Negative
manfaat,Positif
bagus,Positif
aplikasi tiktok macet nyan hapus download masuk kembalisebaik ya baik lambat,Negative
cod syarat penuh,Positif
apk addict,Negative
admin tiktok akhirakhir tiktok buka,Negative
mbak ya tolong kecilin,Positif
bagus keren,Positif
ya unistal tiktok ya suka susah buka,Positif
mantap fyp ya gampang,Positif
luamayan,Positif
bug bikin hp eror baik,Negative
tiktok hapus akun ku salah,Negative
kembang,Positif
tolong ya tiktok install berapa kali gara gara masuk melulu alhasil hapus install lagiiicapeeek banget jujur,Negative
login masuksusah bngethrus uninstal masuktolong tiktokperbaiki bug erornyasya kecewa,Positif
tibatiba log out ngapangapain bug baik,Positif
repot aplikasi payah buka lelet,Negative
buruk kadang buka aplikasi tiktoknya download ulang,Negative
hhhahhhhhhhhhhh,Negative
bagus banget coy apk video,Positif
tik tok bagus video ya lucu tolong balikin tombol save foto plisssss,Positif
bug aplikasi bikin nyaman tonton vidio henti vidionya,Negative
tiktok the best deh perhati sensitif sistem komentar kritik unsur kasar komentar hapus kritik unsur leceh hina sekian terima kasih,Negative
buka stop logo ya masuk,Negative
ngebug,Positif
wawwwe,Positif
weld pley,Positif
titok shop hapus bayak jual tidk amanah terkadang beli barang iginkan promo perak grtis ongkir barangya kagax parah oknum kurir,Positif
nice,Positif
jelek buka,Negative
tolongg ya baik bug tiktok ya bikin orang emosi kali bah pencet apkny masuk masuk sekali masuk nge stuck logo tiktok gjls,Negative
bagus seru asik,Positif
tolong kecil ram ya,Negative
burukgabisa bukangebugharus uninstall installagi apasih pakai kesini jelek,Negative
tolong baik tiktoknya tiktok nge bug kagak buka nge stack logo doang tolong baik,Negative
ulas bagus vidio keren,Negative
uji cobd ok,Positif
erti was tida dibu ti dah muncul nama orang,Negative
adabpelangaran,Negative
aplikasi instal ber kali ter instal kuota habis sih segitu mya bug tolong baik cepat rugi guna,Negative
buka apk ya,Positif
bagus coba lihat akun ku tiktok nama monzybr lupa follow terimakasih,Positif
ya tiktok komen kayak logo kirim ya tuh klik,Positif
tiktok gue capek video blokir apasih tiktok langgar,Negative
pagi buka tiktok malam buka tiktok kela blok susah ngembaliin ya,Negative
bikin video musik otomatis buka efek nya,Positif
sih eror download masuk dihhhhh,Negative
pas buka apl tiktok,Positif
tolong min tiktoknya benerin bugnya min hp ku masalah tiktoknya,Negative
senang,Positif
bagus pakai,Negative
bagus,Negative
heran tiktok susah benget buka internet pakai wifi susah buka ngalamin nya sih tolong tiktok bantuin suka apk inipetbaikin tolong bantu konsisten buak,Negative
banget pas masuk tiktok ya,Positif
bagus simpan foto vid ya post simpan,Positif
tiktok suka bug,Negative
aplikasi bagus banget ayo download aplikasi iklan ngeleg ayo download jugaaaa,Positif
expression good,Positif
alas,Negative
bug banget sekarangsuka masuk bikin hp ngelag matiin daya lancar lagiapalagi bug masuk un install masuk tt ya,Negative
bagus bantu putar produk layan,Positif
bagus apkl,Negative
aplikasi hasil uang cepat ribu thank tiktok,Positif
ngeleg,Negative
bug buka pas buka tutup paksa tiktok aneh nih aplikasi ya,Negative
tau aplikasi tiktok nih diinstal dibka,Negative
seru sih suha bug masuk tiktok suka mulu suara ya tampil ya suka sebel tiktok suka ngelek,Positif
aplikasi seru,Negative
suka,Negative
seru banget kenal kenal teman online,Positif
live kartun malas,Negative
menariktapi tiktok update hangus banget kuota,Negative
hibur tarik mudah transaksi mantap,Positif
tiktok fitur save foto watermark,Positif
seru jj ya,Positif
bagus banget akun ku korizenrisa folowers ya,Positif
seru,Negative
gue suka banget tiktok trmksh nemenin gue,Positif
hooh,Positif
aplikasi bagus hibur,Negative
aplikasi instal banget,Positif
tik tok bagus suka,Negative
viewers konten,Positif
bagus banget cocok tenang hati banget sih,Positif
mantul,Positif
forclose apa anehh,Negative
buka update,Positif
moga bagus tas puas,Positif
yatim,Negative
bagus aplikasi,Negative
tik tok sh kadang buka kadang kadang,Positif
puas aplikasi,Negative
ratus,Positif
sempurna,Negative
apk ya ngebuk kadang shop ya shop ya hilang tolo tiktok mohon baik depan ya ya trimakasih tolong ya tiktok apk tiktok lot lemott lelettrimakasih,Positif
fitur sulap ya,Positif
mohon maaf tiktok doang buka tiktok buka ngefreezd,Positif
sih aplikasi buka spam masuk tiktok,Negative
heh admin anjing,Negative
bagus,Positif
bug masuk donload ulangudah tunggu jam stuck logo tiktok,Negative
aaar,Negative
bagus seru,Positif
hibur teman gara aplikasi inibagus bug nyaklo bug ya hp langsung eror,Negative
hapus download ulang aplikasi buka,Negative
apk ya super duper seru bangetudah sih,Positif
kadang kadang nge stuck tampil tiktok,Positif
aplikasi ya lambat,Positif
keren,Negative
tolol tiktok,Negative
hibur banget,Positif
tiktok baik,Negative
susah download ya ter install install,Negative
hibur,Positif
assalamualaikum nama silviya aplikasi tik tok bagus banget kasih bintang,Positif
bagusssss,Negative
tiktok toko hilang ya tolong baik bug,Positif
barusan gue buka tik tok bisabisa meta ai bisabisa sih tolong baik ya,Positif
bagus aplikasi,Negative
apk guna hari seberti gabut macam cocok banget deh suka tonton video durasi pendek terima kasih,Positif
bagus,Negative
user infinix ya suka ngelagnya,Positif
lelet kali aplikasi kadang gbisa dibukaharus download buka,Negative
kenapaaa gaadaa repost ulang ya,Negative
aplikasi ya bagus posting ulang tolong baik,Negative
moga sukses,Positif
guna,Positif
indonesia,Positif
bagus banget,Positif
good job,Positif
oke,Positif
lumayan,Negative
buka apk nya suka menu hp apk kadang susah buka halaman tiktok ya buka tiktok apk an lot semuaa update capek kali install apk baik apk ya ya mohon maaf apk seru banget hibur,Positif
coba update,Negative
cocok,Negative
kadang bug kadang susah pas daftar pasuk no wa ya nih payah,Positif
mantapppp,Positif
stop sb pls tiktok gue cpe ngedit rame melulu asa,Negative
no command sih deritaa lo,Negative
maaf mind apk buka update giat belanja tiktok kaya ganggu kaya minggu buka update kaya kelas tiktok bug ya tlong baik terimakasih,Negative
bagus banget,Positif
suka aplikasi daftar belokir akun tik tok bikin video mohon tolong gampang daftar ya,Negative
aplikasi sih erortiap eror uninstal download normalaplikasi pakai jangka panjangtiap eror hp ngereboot ulang,Negative
tiktok kayak sih,Negative
cocok,Negative
kasih bintang tiktok ngelag kagak patah patah apk stres update kunyuk,Negative
apa masuk,Negative
tiktok bug ya pas gue buka tiktok pencet bug ya pas masuk banget dalem tiktoknya seru huuuuuu,Positif
kesel kesel kesel kesel,Negative
tolol gua ngepost game kucing ditakedown amsu,Negative
bagus tolong kembali fitur simpan tiktok,Negative
mantap tonton nbcx,Positif
bagus banget suka,Positif
nge bug buka aplikasi,Negative
nih nih niko,Negative
bagus apliksinya asalamualaikum,Positif
rate gin bug ya baik gue kasih dapam jangka pakai tiktok ya buka uninstall instal lagicapek sih ya buka and cepat cepat uninstall hp ya langsung ngeleg apk tolong baik ya,Positif
cocok hibur rumah tangga jenuh video ya unik lucu,Positif
titktok ya jelek,Positif
tolong anak umur daftar,Negative
tiktok kadang buka sekitar sudah buka gilir buka buka mau hapus install download mohon bantu,Negative
tiktok apk bangsat main hapus akun apk babi lacknat,Negative
aplikasi bagus belanja tiktok,Negative
live,Positif
bagus,Negative
asap rokok deteksi tiktok langsung kasih ingat kenpa saran live sesuai komplain kali kali tiktok deteksi muncul live bodoh,Positif
tiktok kali ssah buka uninstal instal kmbli buka repot banget,Negative
tiktok iklan ya scroll muncul iklan bikin ganggu menit kali iklan muncul,Negative
aplikasi masalah kadang buka kasih bintang mga lancar,Negative
thalita lathifah,Positif
f bar byh,Negative
suka banget aplikasi,Positif
aplikasi guna banget datang ikut ku,Negative
pokok debess tiktok ya,Positif
kse bae kau fyp telaso sedih cweku,Negative
apk ya nge stuck tidaa buka,Positif
bagus suka ya bikin vidio bareng teman terima kasih ya maksihhhhh,Positif
seru,Positif
suka tik tok i love you tik tok,Positif
p khontol,Negative
enak makek ya,Positif
gue hapus play store kedonlowd aduh,Negative
ohhh kuuu,Negative
tiktok lelet masuk banget bikin malas buka tiktok,Negative
baik,Positif
ngelag ya buka,Positif
aga lelet buka,Positif
aplikasi ya bagus suka ngeleg ya hapus download aplikasi ya capek sih,Negative
pas login data tolong respon login cuy tolong emosi,Positif
tiktok nge stuck logo ya doang masuk masuk,Negative
juesapoiuesa,Positif
pengin ngelek,Positif
pesan langsung sih streak tt banyaakkk loh plss tt balikinnn semulaaaa,Negative
apk ajar update ngabisin kuota tolol,Negative
tik tok is the best always,Positif
okey,Negative
hp ngelag,Negative
aplikasi tiktok buka tolak,Negative
komunikasi edit video video bagus,Negative
akun fitur live obrol suara kali update tolong respon ya,Positif
aplikasi dibukakayak stuck gambar logo tiktoknya uninstalldownload mulu,Negative
aplikasi ya bagus banget,Positif
bagus,Negative
suka ngeleg bikin hp lot buka aplikasi buka ya alhasil hp ikut ngeleg parah,Negative
pidionya tarik salanm sih ekspresi,Positif
efek cokk,Positif
tiktok ppk live batas an usia kon tiktok,Negative
tulung apk tik tok baik macet macet,Negative
aplikasi dibukalagi scerolscerol tiktok,Negative
mnambahkan fitur au self,Negative
vidio dunia,Negative
apasih anjir aplikasi ngelag mulu bug ya banget keluar kadang tolong baik ya,Positif
pasuk,Positif
nge bug,Negative
akun tiktok fitur tokobya,Positif
tolong mindi baik lagimasa buka tiktok stuck logo ajahampir install uninstall lagiudh install jam eh ngulah dibukaasemoga cepat diperbaikikarna nyamanlama malas buka tiktokkalo baik entar ratelagii terimakasih min,Negative
bos ku bagus ok ya itubosku,Positif
bag aplikasi nyyaa buka,Negative
puas bagus amanah,Positif
tik tok bantu,Positif
capek aplikasi tik tok vidio ya cuman logo tik tok ya minggu kali hapus download buka tolong baru kayak buruk,Negative
ku coba deh,Positif
mantap,Positif
angangang,Positif
apa mulu,Negative
bantu,Negative
tolong tiktok,Positif
keren abang,Positif
kenpa bintang jelek kayak kontol ye kayak susah banget tik tok kayak titid banget tolong hapus tik tok virus ya tik tok celengggggggg kontrol tik tok asu ana virus ee lonte tik tok lonte lek celeh asu kontol download enggo ngapa sudi nemen celeng asu tik tok kayak saiki dapur e seng gae kayak kontol tahi kepeceret celeng asu jembut koe tik tok asu leng celeng asu tik tok asu titid nemen rausah download enggo ngapa turun a bintang e enggo ngapa sudi nemen download,Negative
pmky mls,Negative
malas muncul live mulu,Positif
aplikasi erorjelek,Negative
lambat,Positif
suka ngelag,Positif
bagus benerin ya developer tik tok ku chat pliss,Positif
bagus sesuai,Positif
tik tok ya tik tok shop ya,Positif
capek mendownload ya buka tiktok bagus,Positif
aslmualqumsayh puas bgga mnghibur banget bantu degn ya tiktok sukses sejahtera amin pokoyh,Positif
ya tiktok buka teken lihat tiktok mesti hapus tiktok ya download buka ya habis kuota tolong masuk,Negative
pleasee ya tiktok tolong bug ya baik kadar memori penuh tiktok live ya langsung masuk and filter filter tuh kadar dipke pencet kali,Positif
bagus seru,Positif
tiktok suka ngebak sih video gue like like komen tiktok gue pas gue lihat hilang tuh komen anehh banget tiktok tiktok tololl banget akun gue tahu teman gue anjj banget tiktok saran akun teman kontl tiktodd ngenttt cuman komen bela hapuss siii kntll,Positif
aplikasi kontolodon,Negative
login login tunggu tolong baik,Positif
bagus,Positif
keren,Positif
tiktok tolong kembaliin fitur lihat repost an orang akun dipriv,Positif
menscroll video tonton suka tepencet cari pencet bug,Negative
ngapa kapai kena ingat tiktok ajengggg,Negative
komentar kelas kena planggaransalah mana,Negative
aplikasi ok banget lumayan hibur video tarik tonton,Positif
ghui,Positif
ngeri kalimantan ora celeng tureng celeng,Negative
ngebug mulu tolong baik,Negative
padam streak ya,Positif
tuju demean tiktok,Positif
b bagus agus,Positif
ngelag hp gue,Positif
bagus,Negative
habis update ngelek buka terusini ya ngatasin ya,Positif
seru banget hibur foto fototapi ting bug,Positif
ngelag,Negative
apk ya macet susah buka hps apk download,Positif
fitur sulap,Negative
gabis buka ngulang download apk,Negative
video ya senang perhati,Positif
tiktok anng,Negative
mantap jual,Positif
hibur biar gabut,Negative
hiburanbisa belanjabisa cari cuan,Negative
apasih tiktok tinggal nunjukin vid gue orang orang susah kikir gue bikin konten orang kagak lihat gue bikin tarik apa,Negative
lemmott,Positif
mles,Negative
tempat slowmo patahpatah kemarin hilang pilih kasih jelek slowmo patah tolong slowmonya tambah hp update jelek,Negative
mantap banget,Positif
tiktok bug mendowload ulang bug tiktok parah gilir buka tiktok gbisa,Negative
apk bagus masuk vidionya,Negative
mudah live ya bos,Positif
mantap,Positif
ok gas,Positif
bagus sih aplikasihnya,Positif
til tok hlng ya,Positif
apk bagus,Positif
hapus instal aplikasi tiktok buka tiktok aplikasi,Negative
akun tiktok,Positif
lag makan ruang,Negative
bagus keren mbak ya berat harap mbak ya kurang,Positif
bagus suka,Negative
bagus isi luang sepi,Negative
henti fungsi perangkat ku kasih bintang biar fungsi hp ku,Negative
josssss,Negative
buka tiktok hp langsung mati,Positif
bagus tutor fypnya,Positif
hibur keren deh suka apk moga sukses udara bintang,Positif
bug kemarin hapus download gr tiktok buka tolo baik bug nyadongoo baik bego gue seing hapus download baik cepat ya tolong tiktok,Negative
aplikasi suka foclose,Negative
ybgs mmuaskn suka,Negative
bug anjj ngestak logo,Positif
ok,Positif
aplikasiny rusak,Negative
tiktoknya sebal banget siii cuman suara doang gambar seru,Positif
top top sukes tiktok,Positif
bagus iklan ganggu,Negative
depkripsikan alam opsional,Negative
borossss kouta update minggu,Positif
muas,Positif
bikin asik,Positif
aneh hps donlowd tiktok buka ya terus ya mohon baik,Positif
suka macet kayak aplikasi kadang berpungsibikin hp hanks kandung pir,Negative
well,Negative
butut,Negative
tolong tiktok masuk aplikasi tiktok,Negative
tolong tiktok baik pas buka tiktok kayak ngebug tiktok ya ngebug hp ku ngebug biar ngebug tiktok ya ku hapus habis instal banget kayak,Positif
bagus vidio tiktok manfaat,Positif
bantu sampai informasi,Positif
bagus ngebug,Positif
pas searching muncul relevan,Positif
kesal filter trening fungsi tiktok teman fitur foto tiktok fungsi tolong ya,Positif
terdepanmaju,Negative
aplikasi babi,Negative
mantap,Positif
ngonten tiktok seru,Negative
tida buka,Positif
baru bagusaplikasi buka,Positif
hibur,Positif
b,Negative
login,Negative
apl tiktok bagus guna hibur tahu,Positif
aplikasi bagus,Negative
jelek banget menginstal ya,Positif
seru,Negative
aplikasi ya bagus ya,Positif
seru banget,Positif
kesini parah,Negative
cari tulis login ya mohon baik,Positif
bugsering wifi lancar kagak hambat upload video,Negative
kocak,Negative
trimah kasih,Positif
gj banget sih tonton live nama ya foto provilnya,Positif
woy aplikasi tolol monyet akun gue blokir cuman pakai gaul kena langgar dongo anjing kali kena mulu ketik kotor bahasa gaul bahasa gaul ya arti kena langgar anjing,Negative
bintang ajasoalnya download apk tiktok,Negative
dukung,Positif
sih tiktok nge stuck mulu logo,Negative
bagus pas donlwod ya,Positif
peok,Negative
paksa instal,Negative
mengibur,Positif
sensitif banget heran tiktok pms kah sensitif keti kasar kocak,Positif
banget install langsung eror buka layar item mulu cuman gambar logo ya hapus install buka capek banget uninstall install memo nya,Positif
tolong live masuk fyp beda live video ganggu banget scroll tbtb masuk live orang ngelag live,Positif
ok tarik,Positif
vidio buka muter koneksi internet stabil,Positif
masuk,Negative
tolong update batas minimal ikut akun langsung live minimal ikut langsung live hilang versi akun private hindar kurang salah guna aplikasi tiktok sarana selingkuh tolong timbang,Negative
tiktok sih normal normalcontoh masuk apk tiktok ketuk ketuk kali biar masukterus loding screan tiktok ya banget download ulang biar masuk lagisumpah kaya mah bug ya,Positif
aplikasi ya bagus pas loading banget menit tungguin selesai loading ya,Positif
login akun kakaotalk,Negative
buka aplikasi,Negative
permisi adu tiktok milik pas masuk tiktok tibatiba tiktok masuk langsung hapus tiktok menginstal kaget aplikasi fungsi perangkat maksud ya tiktok tangan bug,Positif
ngebug,Positif
apk ya keren bapa tinggal gara gara lihat video hantu,Positif
suka,Negative
capca akses disabilitas tuna netra tolong baik nyaman tiktok,Positif
tiktok buka hapus download sih tolong baik sistem,Negative
baguuussssss,Positif
bagus aplikasi ngeleg bagus kokk suka,Negative
puas aplikasi,Positif
aplikasi bikin pusing,Negative
aneh vitur save fotovidio ya hilang up save aneh tolong kembali fitur save ya,Positif
rawwww,Positif
seru banget,Positif
aplikasi update buruk aplikasi bug kayak bug login aplikasi bug buka aplikasi bug suka lot ruang simpan hp,Negative
bug bolak uninstall install aplikasi,Negative
ya tap buka tik tok hp hang,Positif
mohon baik pas buka aplikasi ya banget mohon baik baik kasih bintang,Positif
hibur dngn tik tok,Positif
eror,Negative
tiktok bagus sih minus ya buka,Negative
tiktok buka,Negative
nge bug mulu asu,Negative
tiktok gua chat chatan ya,Positif
ta fitur sulap,Negative
bagus banget loh kasih bintang,Positif
suka pencet,Negative
bug anjing bikin emosi pas buka logo tiktoknya doang kadang video lagu masuk live orang pas suara ya tiktok mcam,Positif
bagus lot,Negative
error,Negative
jujur muak ya tahan tiktok freak banget aps buka kali lo cache hpku riwayat buka tt nya buka bad banget layan ya akun keblock buka apk susah,Positif
hooh,Negative
apa aplikasi iningga buka aneh update bug lol,Negative
manfaat,Positif
bagus cocok gabutt skrol bosann,Positif
suka main ttk instal ttk ya,Positif
sip sip dpet saldo,Positif
haha update lot ya tokcapek banget sumpahmna update,Positif
buka,Positif
asih tutor tuh kumplit premium ya kasihan cewek gue etik lebar endingnya bayar,Positif
untung,Positif
kembali akun lamaa caranyaaa akun ku kembaliin akun lamaa,Positif
aplikasi ya seru banget,Positif
apk kayak sampah pas omong kasar orang hina kena notif sistem langgar mulu coba kayak youtube youtube mah bebas omong kasar orang hina tiktok taeeee puki dasar apk sampah,Negative
nge bug masuk tiktok alhasil download ulang hemm,Negative
ok goods,Positif
bagus sih tiktok tolong akun gue laik,Negative
ya tolong i kayak logo ive ya,Positif
aplikasi bagus cuman suka pas hapus aplikasi install ulang pas buka apk banget pas vidio scroll vidio stuck hp kelyar tolong update bug ya hindar menggangu banget,Positif
hibur hasil selingkuh dm manfaat,Positif
bug buka apk,Negative
alam tolong bantu,Positif
bagus banget,Positif
bagussskeren,Negative
gelap layar tiktok,Negative
gaktau,Positif
seruuuuuu,Negative
cuman dikit kasi langgar anjing akun orang ya bgst tiktok bujangggg,Negative
main tiktok blokir orang,Negative
tiktok kesini jaring jelek sendat sendet melulu tiktok akan duli,Negative
buka ya download,Positif
susah buka hapus download buka knapa initolong baik,Negative
tahap ajar,Negative
buka tiktok ngestak logo frem ya ngaruh apk aneh,Positif
aplikasi jelasbru dipke buka lgiselalu kaya gtudan gue hapus gue download ngulang jls,Negative
moga kembang jaya,Positif
masuk aplikasi tiktok menginstal tiktok tolong baik,Negative
aplikasi pekokk gwoooblokkkk seben dino ra isoh buka kudu hps download wae asu,Negative
jalan menu mana,Positif
bagus cuman lagging dikit,Negative
oh angin bisik ku cinta tak lainnnn,Negative
akun blokir orang engak serah,Negative
mantap,Positif
aplikasi bagussaya rekomendasi temanteman,Negative
alami kendala mendownload tiktok,Negative
bagus guys buru gabung,Positif
moga sehat bos ku,Positif
aldi,Positif
proses koin ya,Positif
bagus lahbisa bagi pengalamanpengetahuanber kreasijuga pilih barang cocok kebutuan,Negative
update,Negative
mikrofon pakai hearphone suara,Positif
bagus blokir,Negative
maantaaap,Negative
instal aplikasi,Negative
bagusmantap,Positif
assalamualaikum selamat malam admin tiktok video upload buram jaring bagus video upload buram hp hpakun orang lihat buram tolong baik dewa lek,Positif
aplikasi nge bug buka tolong benar biar bug,Negative
bagus suka,Negative
tiktok,Negative
rak niat belas,Positif
baik sukses,Positif
tiktok ku buka tolong baik,Positif
asyik senang,Positif
apk loading logo doang kagak masuk scrol an nya uninstall install aneh iya tolong benerin bug ya,Negative
pas buka tiktok nya ngeleg banget,Positif
apk bagus seru,Positif
bagus sih update masuk sih sebel,Negative
baik bug ya ya gue hapus download buka apk ya kesal banget buka kgk masuk,Positif
lumayan,Negative
shubuh buka aplikasi ya,Positif
meng uinstal aplikasi suka ngelag,Negative
aplikasi dibukasering ngelag jelek,Negative
bagus tolong bug ya hapus masuk tiktok loding ya uninstall download tolong hapus bug ya gara gara update ngebug tolong hapus bug ya ya admin tiktok,Negative
luarbiasa,Positif
menginstal ya,Positif
bagustetapi kurang tiktok update masuk alias ngebug,Negative
kasih bintang,Positif
kesel updet aplikasi ya,Negative
makikin jelek buang live game jaring elor mulu suruh periksa live norma mending hapus,Negative
tolong aplikasi baik musti hapus install pakai pas buka logo musti hapus install pakai kesini sih,Negative
aplikasi ya bagus pakai,Negative
sangan tiktok blokir,Negative
seru hibur bikin orang ketawa,Positif
aplikasi bagus banget tonton,Negative
hshakajb,Positif
saran hilang,Positif
ppppihn,Positif
akun anjing tolong baik akun,Negative
woi tiktok apk ya kagak bukamasa uninstall install biar buka tolong fix scroll,Negative
tiktok ya sih buka tiktok bisapdhl coba masihhh bisatolong bug ya baik banget bug nyatolonggg baik bisaaaaa,Positif
every time i want open tiktok tiktok exits by itself without any reason,Negative
aplikasi ya bagus ngelek sih terimakasih tik tok,Positif
terkadang suka macet kali menginstal mengunstal,Positif
suka tiktok ff,Positif
tingkat ya,Positif
bagus tapiiiiiiiiiiii,Negative
jelek banget app ya,Positif
apk tiktok live tolong langsung,Positif
aplikasi tik tok henti,Negative
penuh momori seru,Positif
ya b,Positif
senang,Positif
boy ganteng men,Negative
bagus,Negative
update ngebug apk nylbh prhny masuk,Negative
biar rating omong,Negative
juta bintang tiktok,Positif
sukabanget,Negative
keren,Negative
update versi baru video fyp ya buram update bagus buram tolong baik,Negative
suka loading,Positif
seruuuu,Negative
bagus bantu,Negative
apk tolol pas buka bikin hp ngebleng langsung sentuh hp gue stak mulu gara gra buka tiktok ajg ganti rugi hp gue,Negative
tiktok bagus banget tonton vidio pendek,Positif
aplikasi sih oke,Negative
lagging,Positif
tiktok ya suka ngelek update pers baru,Positif
bantu,Positif
bug anying,Negative
bagus banget apk ya,Positif
bagus dll,Negative
apk no the best,Positif
mantap bos ku,Positif
titoknya bagus banget aaaa,Positif
akun lo gue komen orang hujat agama batas langgar komunitas trd bikin kontn kayak apk lo sbnrnya bagus cuman ya phm mksut gue orang bikin konten rendah agama ngelanggar komen sehrsnya terima lo langgar sih mksut lo konten dewasa ngejelekin agama pecah mikir gsi,Negative
tolong ya baik pas masuk tiktok tibatiba loadingnya ngeleg tolong banget baik pas login akun tulis muat coba ttolong banget tiktok baik sorry ngegas,Positif
tiktok nya ginih sih buka tiktok,Positif
kasih nilai tukar koin,Positif
kakak tolong carany filter tiktok viral ya kakak bagus pokokny doang sih filter,Positif
aplikasi macet logo tiktok,Negative
aplikasi kadang buka uninstall install buka,Negative
tolong tiktok fyp akun kuuu farell plisssss tiktokkkkkpengen viral uang,Negative
hibur,Positif
pitur templete ya hilang ya edit otomatis ya,Positif
kelak tik buka,Negative
susance,Positif
aplikasi ya bagus hibur,Negative
tiktok bantu sayaakan tetapijika buka tiktoktiktok ya suka susah bukaharus tekan kali kebukasyaa mohon oerbaiki masalah trimksi,Negative
the best aplication,Positif
tolong tiktok bag ngestag tulis tik tok ngeleg restar tolong cepat baik,Positif
masuk hapus donlod,Negative
bagus banget tonton biar bosenn rumah scroll tiktok,Positif
terimakasih,Positif
kerja bagus,Positif
tiktok guna,Positif
kembali,Positif
tiktok,Negative
ok ok,Positif
susah buka lm banget,Negative
bagus bkp,Positif
asli kali kayak instal uninstal gara lemott,Negative
iklan ya,Positif
banget bug ngefreeze logo doang tolong baik tiktok instal ulang aplikasi,Positif
aplikasi buka ya,Negative
ya pos foto konten langsung item ya,Positif
bagus banget apk ya mode offline,Positif
platform mantap,Positif
capek uninstal buka,Positif
suka ngebug,Positif
buka heran stuck logo doang,Negative
apk ya bagus banget bisalahh nghibur maaf dry text,Positif
senang tonton tiktok video tarik,Positif
i like,Negative
po ooo oopl o l,Positif
kalaw belanja shopee no kawan belanja tiktok cod pilih cod parah bohong,Negative
parah banget aplikasi tiktok tolong baik,Negative
suka banget aplikasi ya,Positif
menginstal ya ku rating jelek,Negative
tambah dapat,Positif
live force close parah,Negative
bagus,Negative
seru kadang bug ya sih,Positif
putar video,Positif
sih tibatiba log,Negative
banget buka hapus download,Negative
tiktok aneh buka,Negative
bagus ajar social anak anak,Negative
tiktok aneh,Positif
tiktok sih,Negative
tiktok pos vidio ngeot,Positif
apk,Positif
bagus minus atur simpan langsung kadang kadang update,Positif
aplikasi ya bagus kenal orang aplikasi manfaat ya salah satu memotifasi ajar dll,Negative
assalamualaikum,Positif
hai batu folow,Positif
senang aplikasi,Negative
bug updated,Positif
sumpah ya capek banget sih tiktok dihape suka ngestuck logo pas hape langsung lot paksa uninstall download dihape,Positif
aplikasi bb bagus,Negative
inspirasi,Negative
bagus siii pas masuk tiktok ya lamaa banget uninstall dowload ya,Positif
buruk,Negative
buka,Positif
poin sulit,Positif
durasi video lengkap,Positif
aplikasi bagus,Negative
min baru masuk,Negative
pakai sound ya bisu mohon baik min,Positif
oke bagus,Positif
kece abang,Positif
bagus besa belanja,Positif
maaf ya min aplikasi bagus oke baik bug banget tunggu ya,Positif
joko jomlo,Positif
bagus login banget,Positif
baik situs ya,Positif
sukses,Positif
hibur informasi update,Positif
jelek sulit buka,Negative
tiktok ya bagus,Positif
moga senang pakai aplikasi,Negative
bug adasolusi buat aplikasi solusi uninstall download,Positif
aplikasi ya bagus sih bagus cuman bikin video efek ya efek hilang,Positif
apk ya bagus hibur trmksi apk tiktok,Positif
bantu tambah hasil salin silahturahmi nusantara negeri alhamdulillah,Positif
deh,Negative
gua nih ya,Negative
ik,Positif
pesan ya,Positif
tiktok,Negative
aplikasi bug update uninstall reinstall,Negative
suka banget jirrr,Positif
tiktok eror buka,Negative
diupdate simpan foto sih bisabisa,Positif
suka buka,Negative
bug masuk paling masuk cuman muncul logo tik tok ya doang suara video,Negative
terimakasi aplikasi bantu bisnis online yuk pakai aplikasi tiktok,Positif
saran min biar video upload bagus blur ya pakai fitur kualitas upload ngeblur bagus hasil pas upload tolong min kasih solusi,Positif
aplikasi scroll tiktok menit langsung,Positif
tambah fitur hapus video simpan hapus banget,Negative
top markotop,Positif
download tampilakan nama layar,Positif
agus,Negative
bug pas buka tiktok eh hp ngefrem dikit tiktok buka ngestack logo tiktok hapus download buka tiktok,Negative
ngelag,Negative
ssngat bagus seru tonton lucu sedihsenang dll asyik pokok ayo download,Negative
apk ya bagus ya kadang buka apk tiktok perangkat mati ruang simpan kosong,Positif
aplikasi ya pakai update,Negative
tiktok bagusd,Negative
update bugnya sih,Positif
suka,Negative
tik tok jelek masuk langsung coba gara gara aplikasi memori langsung penuh sesal donlont tik tok bagus jelek beneren mbak ya mending donlont,Negative
mantrappp,Positif
buruk tbtb kali masuk apk iya hapus apk,Negative
banget kesini nih aplikasi nge lag ya hp buka tiktok dikit lag dikit lag mati banget,Negative
live ngecet teman live buka folowers ku ribu ribu folowers ku atur malas tiktok,Positif
ok sih,Positif
kacaau ngebag,Positif
aplikasi cocok bangun tidur,Negative
mantap hemat data,Positif
suka banget,Positif
aplikasi ngelagkeluar bikin ngelag hp,Negative
pokok puas,Positif
bagus sih sih belok balok blok susah daftar ya bikin emosi deh masuk aplikasi tiktok banget paksa hapus tiktok ya,Negative
banget ngebuka ya ku uninstall biar kebukatolong baik,Positif
bug ya haripake masuk download ulang malas cok bug,Negative
r,Positif
cocok hiburann terbaikk,Positif
suka ngeleg,Negative
aplikasi suka bug masuk uninstall kadang kali uninstall tolong baik bug ya kesal banget,Positif
bagus kadang ngelek,Positif
force close,Negative
bug,Positif
sih suka susah bikin akun ya,Positif
tiktok asuu,Negative
makan skrol tiktok mantap hhi,Positif
knapa tik tok ya toko ganti teman,Positif
tik tok tolong pulihin akun user name agustd kena sb jahat banget lo sb akun gue tik tokkkkkkk pilihin astaghfirullah benr ya tik tokkkkk jahatt banget,Positif
bagus tepu hadiah tolong cek,Negative
suka tiktok asik banget lagu ya asik asik vilter lucu lucu cool banget konten ya fyp asik dj mainin lumayan suka deh,Positif
seru banget,Positif
kak tiktok shop ku hilang chekout,Positif
tiktok senang,Positif
tiktok bokep,Negative
pls buka,Negative
tolong bikin vt provokasi langsung baned,Positif
maaf kasih bintang masuk suka masuk tolong baik plisss,Negative
pas up video nge bug up heran banget update buruk,Positif
burukkk,Negative
bagus banget aplikasi ya tolong baik kali instal buka cari ya bagus anak tolong baik,Positif
tolong tiktok baik diupdate ya ya kemarin lancar eror,Positif
akun gua blokir akun haduhbintang gua bintang,Negative
kasih bintang bug ya aneh aplikasi tiktok suara tolong baik bug ya ya,Positif
donwload ya,Positif
multi ya hilang tolong baik,Positif
lelet,Negative
apl tiktok bagus keranjang belanja video ya bagus kasih bintang,Positif
aplikasi ya bug buka pas buka tolong baik ya admin tik tok,Positif
tolong hapus data pakai apk tumpuk langsung buka capek anstal berkalikali,Negative
ssangat seru,Positif
ok mantul,Positif
aplikasi rusak bug mulu masuk gambar logo tiktok mulu masuk masuk,Negative
apresiasi,Positif
cahayah,Positif
akun blokir,Negative
stuck tiktok,Negative
apsih anjirtiktok lagmau masuk aplikasi bisakyk apa gitumau uninstaltapi streak temangimana ya gitubukan ya bagus kayak ginitolong baik bisa,Negative
jelek nge bugkeluar app,Negative
apk terseruuu,Negative
kapok belanja tiktok shop mending belanja,Negative
ya scroll tik tok,Positif
bagus banget anjayy update kayak post ulang stories foto pakai filter simpan foto ya tanda air pokok kasih bintang fix sesal banget download,Positif
apk bug capek instal uninstal,Positif
jelek nge bug,Negative
apa tiktok nih rusak loading ya jam bug tolong baik,Negative
siiiippp,Negative
aplikasi akun hapus tiktok,Negative
tiktok tolong ya promosi video ditolakmohon kembali dana promosi terimakasih,Positif
tolong ya tik tok sering susah buka down,Negative
rekomendasi,Negative
apk ngebak buka glblk,Positif
tolong baik tiktok buka tiktok stok logo baik ya mendownload sebab data hilang,Negative
bagus debess sih,Positif
bagus,Positif
very good,Positif
alahh huu bohong update nya burikk boy bagus,Negative
tt gua pesan kirim temn kayak aneh pliss tolong membetoloinny,Negative
live bintang ya,Positif
apk ya bikin hp ngeleg buka,Positif
tipos,Positif
aplikasi bagus,Negative
aplikasi bagus suka aplikasi jelek burik bikin hp lag simpan hp penuh garagara tik tok,Negative
tiktok,Negative
bguus,Positif
bagus aplikasi ya,Positif
bagus bantu bayar lumayan tabung,Positif
tiktok sulit buka aplikasi ram restart ulang,Negative
tiktok ya kadang masuk susah tap tap pokok ya susah masuk kadang donwload donwload masuk fitur live nya kecewa,Positif
maaf tiktok buka tolong,Negative
cant log,Negative
mohon lag ya,Positif
sih hake,Positif
download aplikasi pasuk akun tanggal lahirpadahal gue kasih bisamohon bantu ya developer,Negative
ya tiktok buka,Positif
apk mantap,Positif
hibur,Positif
bagus banget lihat idola tiktok jakarta timnas indonesia buka tiktok timnas,Positif
tiktok ya buka,Positif
recommended peluang usaha,Positif
apasihh tiktok gila buka tlol,Positif
rada kesal kayak video taqqawull,Negative
gue tuh hp ya burik hahahahahahah,Positif
min ya pas buka aplikasi ya diam gaaada video unduh bolak,Positif
mantulll,Negative
update kamera tiktok jelekk ya jernih,Positif
banget iklan ya deh suka lihat video banget iklan tolong baik min,Positif
orang nggaa langgar blokir alasann nya gue bikin vidio jlas akun gue kagaa vidio nya,Negative
aplikasi,Negative
masuk,Negative
tolong baik tiktok buka banget sumpah baik ya,Positif
tiktok buka muncul logosudah minggu inipadahal cari lihat ge bisaberkalikali uninstall restartdan hapus cachehapus data mohon bijak,Negative
jujur kecewa tiktok diri umkm rajin pakai fitur ads timbang gilir report scammer nipu lapor gagal bisnis murni hambat tiktok scammer aman aman ya kecewa,Negative
bagus,Negative
ahir ahir suka ngeleg logoo hapus donlod begituuuj,Negative
mari kawan lawan corolinaeeh corona maksud ya,Positif
enak banget libur tiktokantapi ngebug login login itu hapus aplikasi ya didownload,Positif
tambah pengetahuanmenambah pengalamanmenambah penghasilanbisa waspada bahaya modus berbedabedamenambahkan pertemananmenghilangkan galaumenghemat pengeluaranbisa puas belanja capekbisa baca novel buka bukubisa trend apa,Negative
cocok,Positif
pas masuk apk ya banget masuk konten tiktok gambar tiktok tolong baik,Positif
ya keren,Positif
sih tik tok donlot ulang,Negative
cuman stak masuk cacat,Negative
tiktok kadang buka kadang aneh,Positif
ya allah ya allah dira tidur perlu hasil maksimal hasil,Positif
aplikasi tiktok ku buka paksa buka hp lag hapus itu batas ya hari langsung ya min,Negative
susah buka,Negative
aplikasi jelek banget banyak bug ya download mending,Positif
tiktok kayak kntol tau,Negative
suka aplikasi akua suka au au loh suka banget,Positif
gampang lot,Negative
mantul boskuh,Negative
bug terosss nih aplikasi,Negative
akun kembang tolong ngembangin akun ku rmmadridistaid tolong,Positif
the best,Negative
lumayan gabut,Negative
suka dgan tiktok,Negative
aplikasi bagus foto mehihat fidio random sayang fidio akun tiktok ku blokir fidio fidio sangan muas filter ya bagus,Negative
tiktok bagus banget bikin streak,Positif
aplikasi bagus leg buka aplikasi ya buka unistal download ulang buka semenjak trakhir update kemarin eror tiktoknyaaa mohon admin baik update an tiktoknyaaa terimakasih,Negative
aplikasi bagus lelett,Negative
amazing,Negative
tiktok terima pesan kirim pesanmohon tim tiktok buka blokir pesan ya,Positif
lovelove,Negative
aplikasi senang gabut buka tiktok,Negative
anjay banget loadingnyaa update ya download ulang,Positif
tiktok bug,Positif
aplikasi ya bagus banget suka,Positif
bagus banget coba deh ngedit langsung tiktok nya kayak capcut,Positif
gj ngebug mulu pas masuk tbtb hapus apusin sampah masuk hapus donlod ulang ulang buang buang kuota banget najong,Negative
baru app ya simpan video gambar potong biar simpan diposting jdnya watermark ya kembali tiktok live kena langgar mulu kayak,Negative
tolong kurang uduh mbak nya,Negative
kecewa buka update kesini eror,Negative
bagus,Negative
buka tiktok banget buka,Positif
ban,Negative
bagus banget,Positif
filter,Negative
akun hilang hapus tik tok,Negative
aap tuh nenagin hati banget,Positif
suka bug,Positif
aplikasi bagus enak hibur pas galau sepi solusi scroll malam pagi wkwkwk,Negative
bagus sih suka ngeleg masuk tiktok ya adminnnya tiktok,Negative
akun kena banned,Negative
jelek banget tiktok buka mulu uninstall instal ulang mentang lo aplikasi favorit ya tiktok jelek,Negative
knapa akun pemberitahuan sial,Negative
setelh update ngebug kadang gambar suara cuman logo tik tok hapus instal buaka hadehhhhh,Positif
mantap aplikasi tiktok hibur,Negative
aplikasi bagus nenghibur sebagainy nya,Negative
aplikasi lambat masuk,Negative
bagus tahan,Positif
apk jelek,Negative
iya,Positif
keren sih,Positif
ya buka tiktok stak logo tiktok bolak download,Positif
aplikasi bug buka,Negative
sinkat paham,Negative
aplikasi hibur tahu pendidikanpengetahuan,Negative
tau,Negative
vidio bagus,Negative
eror,Negative
aplikasi bagus enteng,Negative
moga tiktokers,Positif
wow,Positif
spk bagus,Negative
orang,Positif
sih guna kali ngebug logo ya sumpah sih benerin kayak,Positif
tolong suport hp,Positif
mmmmmmmmmmmmmmmm www wow,Negative
live habis diupgrade,Positif
kerenmantap,Negative
aplikasi bantu kenal teman mana,Negative
deh tik tok,Positif
tiktok mantap hibur cari cuan,Negative
anjayyyyyyyyy,Positif
seru banget tiktok tiktok lite seru banget,Positif
tolong min dibenerin apknya masak habis buka uninstall capekk tau,Negative
payah masuk logo doang,Negative
nge bug jelek,Negative
ah enak,Negative
mode full tab lanscape ya ku kasih b,Positif
tiktok gemblung kode,Negative
semangat,Negative
mendownload,Negative
lamaa,Negative
suka bantu,Positif
me sok happy tiktok,Positif
kadang buka donlod,Positif
suka senang hibur senang tukar reward koin saldo dana nambahin uang jajan hari pokok mantap good,Positif
bagus apilkasinya manfaat,Positif
hai suka tiktok,Positif
bagus,Negative
akun tiktok blokir,Negative
tolong tiktok bug aplikasi buka tiktok ya ya muncul logo ya doang mohon baik,Positif
bagus tarik banget,Positif
ya allah hasil alhamdulillah,Positif
okee,Positif
tiktok harga bagi hilang gabut ku,Positif
rezasabrianalmadani,Positif
tau nih tik tok update buka mentok logo masuk,Negative
seru,Positif
baik,Negative
aplikasi bug,Negative
bagus berat apk ya,Positif
tik tok senang,Positif
optimal os android arm v bit no supot tolong aplikasi ringan android os device vivo v ram os aplikasi berat,Negative
jelek,Negative
suka tonton tiktok,Negative
capek instal kali,Positif
stuk logo erti maksud ya menganggu tolong tiktok,Positif
rawrr,Positif
slesai update buka,Negative
halo tim tiktok poto live tiktok tolong bantu cepat poto live,Positif
download aplikasi tiktok bayar,Negative
tik tok sih ngebug kali download ulang anjir muak gue sumpah,Negative
tiktok ya buka kali instal buka kali kali copot pasang copot pasang aplikasi hhehhhh bikin tambah kesal,Positif
gi,Positif
kagak live bejir,Negative
bagus suka,Negative
kesini kocak buka ngestuck logo itu buka uninstall kali gua uninstall nih apk coba pakai wifi gampang coba pakai kuota kasihan oon mending tambah nambahin fitur deh fitur burik nih apk kocak kagak buka gua capek ya lol buka ngestuck logo uninstall buka mending gua hapus,Negative
ok ok,Positif
watdehellllllllomaagaaaaa,Negative
bagus,Negative
lag parah,Negative
woi tiktok gue eror buka mulu,Negative
mantap,Positif
edit vidio tida unduh galeri,Negative
tiktok bagus paham dunia alam,Positif
favorit,Negative
apk bagus ku ngebug update ya,Positif
kadang buka tiktok suka loding,Positif
tolong tiktok ngestak mulu,Negative
login app pagi,Positif
minat,Positif
loding buka tiktok,Positif
titok kenal,Positif
woy tolong jelasin kena video gua suka ribu suka tambah profil ribu coba jlasin coba baik,Negative
bagus aplikasi ya sayang hoax ya saring fakta hoax mnyebar fitnah hoax,Negative
bug masuk tiktok crash gue kasih bintang aja,Negative
bugkalo login lamaaaaaaaaa banget dahhhhhh,Positif
bug buka,Negative
nice,Positif
puas,Positif
aplikasi dongok komen emosi dikit langsung langgar konten mancing emosi biar aplikasi kandang monyet,Negative
bagus banget gila,Positif
keren,Positif
pliss tiktok buka hapus apk download login ulang jadi kayak download ulang main tiktok capek woyy kayak download login hadehhh,Negative
suka bukaaaa hapus aplikasi downlod ulang,Negative
bagus banget gua suka,Positif
suka ngeblank sih tiktok suka ngeblok stak logo moga baik,Positif
tanda teman aktif,Negative
aplikasi bagus kesall download aplikasi tiktok buka loadingnya lamaa kali kali download hapuss mohon tiktok bantuannyaaa,Negative
kasih b alam pakai tiktok mental muluklw pas topup koin mental apktolong baik,Positif
kadang apk ya gbsa buka ngeleg haduhh,Positif
suka aplikasi,Negative
sungguhbagus ngeleg,Positif
gua pilih gakasih bintang balas tiktok ya bilang maaf ngulas ulas bakes gua buka tiktok kali menit langsung su,Negative
banyak poin ya kurang cepat uang tiktok,Positif
sangatt mrnghibur,Negative
bagus banget aplikasi bilang pas update bug hp kentang coba pakai hp bagus,Positif
aplikasi bohong,Negative
download gegara muncul logo bikin malas tonton tiktok plis baik apl tiktok,Negative
suka,Negative
aplikasih ya bagus suka,Positif
aplikasi ngebug sendirintiba masuk bikin ganyaman,Negative
instalnya lamaudah sebal,Negative
seru,Positif
jelek,Negative
ya pas vidio,Positif
bagus,Negative
nih apk banget sih dibukabahkan dbuka hapus download tiktok buka,Negative
tolong gue install ulang kali masuk aplikasi,Negative
sagat puas,Positif
beli barang sih tiktok shop diskon ribu eh tau ya kirim batal otomatis gilir beli ulang diskon,Positif
lumayan sih suka,Positif
tolong tiktok ya bagusin kakak,Positif
jelek sih fitur save ya fitur camera ya detik camera nge zoom,Positif
aplikasi kayak buka bnci banget,Negative
tiktok keren,Negative
bug kagak,Negative
mendownload mulu mendownload masuk,Negative
min tiktok tibatiba simpan abies foto ya,Positif
bagus sih sayang bug vidio musik pas durasi tolong baik ya,Positif
tik tok banget buka ya hp ngelag update buka uninstall download buka tik tok tok,Positif
bagus banget anjirapa dah bagus lewat oi,Negative
bagus banget lyrasukakamu follow akun gue gue folback,Positif
eror ya,Negative
aplikasi tik tok sih kadang buka aplikasi ya susah cuman suara ya buka cuman logo ya doang paksa uninstall tolong baik kualitas tik tok ya biar nge bug,Positif
vidionya hibur banget aplikasi hebat banget,Positif
download apk buka vidio kadang ngeframe blokir akun pakai atur ya kasih blokir minggu duluh langsung permanen ajg,Positif
mantab,Negative
maaf aplikasi bagus akhirakhir aplikasi tiktok hp buka yamohon bantu,Negative
mantap aplikasi,Positif
bagus hibur hasil,Positif
hayang ikut,Negative
hibur untuk,Negative
suka tak logo cepat baik,Positif
jelek banget buka apk ya ih,Positif
kesini susah views kontent affiliate,Negative
sngat bagus,Positif
kesini ruwettt video tonton,Negative
hati teman teman akun tiktok gampang bobol beli barang akun jual niat nipu info ganti ekspedisidikasih link klik email tiktok resmipembelian barang dicancel nomer rekening kembali dana diinput nomer rekening penipudan tuju tiktoktanpa cek nomer rekening akun terima baranguang ludes pencet pin,Negative
bintang,Negative
bagus pakai,Negative
ya lumayan sih,Positif
tiktok rame ngelag,Negative
download sinyal bagus,Negative
buka apk ya,Positif
bug,Positif
apk ya tolong baik dang kadang bug,Positif
apa vidionya isi moral banget anak sopan malu telanjang baned pakai pakai kayak orang mesum tolol banget,Negative
tik tok ya update gambar ya suara doang tolong baik,Positif
anjay,Negative
sayang nge install aplikasi ya,Negative
hp eror enek banget paslagi tonton terkadang hp panas,Negative
ups,Positif
apk tiktok invalid hp,Negative
syarat fyp tiktok woi,Positif
sukses tiktok,Positif
jelek anjjng bug mulu macet logo anjing,Negative
instal,Negative
aplikasi bagus,Negative
tiktok update,Negative
pokok seru deh,Negative
oy dk pcak buka lmo nn,Negative
kasih solusi peripikasi akun lupa id sandi ya akun tiktok asnawi tolong,Positif
alami bug,Negative
main ep ep,Negative
tik tok is the best,Positif
aplikasi bagusdan yaman,Negative
internet kuota mulu tolong baik akun leolatteaneh tiktok kuota jaring,Negative
erooorrrr eror ros banget eror pas buka moga tingkatin deh,Positif
cacat streak gue ajg hilang,Negative
ngebag masuk uninstal donlot,Negative
zara putih putih cantik killua,Negative
banget vidio guna diy barang bekasdll,Positif
tiktok alami bugaplikasi bukajadi hapus mendownload ya mohon bantu ya,Positif
bagus sih,Negative
chat tiktok,Positif
tiktok kayak sih update bug fotovideo simpan buka tiktok suka stuck logo kadang chat ditiktok suka kadang ngeleg parah tiktoknya geser tolong baik baik jelek update jelek,Negative
seru bagus,Negative
cool,Positif
kau suka bunga kau petik diya mati kau cinta bunga biar diya cinta milik harga,Positif
jelek,Negative
bagus banget aplikasi ya sedih hibur,Positif
mantuil,Negative
update min,Negative
bagussssssayaa sukaaaaaaa,Positif
pls mending bebener apk berat banget nying ngapa coba kudu tiktok shop fitur simpan poto hapus pnte mending tuh tiktok shop hapus tolong woi sadar asih rating gua,Negative
perintah maaf penuh syarat tiktok yeyeyee ya bos,Positif
tiktok sedia buat video promosi tiktok nak langgar tiktok jebak affiliate,Positif
